代码,名称,层级,评分排名,综合评分,PE,PEG,股息率%,现价,52周最高,52周最低,dist52(现价/52周高),距高点%,分档,行情日期
001872.SZ,招商港口,gm,,,12.4,1.95,2.92,23.34,23.72,18.401,0.984,-1.6,贴近高点,2026-08-25
600177.SH,雅戈尔,gm,,,14.5,0.61,3.04,7.9,8.07,6.612,0.9789,-2.11,贴近高点,2026-08-25
601225.SH,陕西煤业,scored,31,65.7,15.9,0.98,4.16,26.52,27.291,18.821,0.9717,-2.83,贴近高点,2026-08-25
601156.SH,东航物流,core,18,69.2,10.9,0.89,2.52,18.59,19.29,13.633,0.9637,-3.63,贴近高点,2026-08-25
000598.SZ,兴蓉环境,core,,,10.5,1.56,2.47,7.14,7.44,5.965,0.9597,-4.03,贴近高点,2026-08-25
603338.SH,浙江鼎力,gm,,,14.4,0.83,1.59,58.8,63.45,41.44,0.9267,-7.33,较近,2026-08-25
600323.SH,瀚蓝环境,core,7,74.6,10.9,0.68,1.87,29.73,32.19,24.47,0.9236,-7.64,较近,2026-08-25
000651.SZ,格力电器,core,16,70.5,8.0,1.64,3.81,41.62,45.359,36.27,0.9176,-8.24,较近,2026-08-25
601107.SH,四川成渝,core,,,11.3,1.41,3.46,5.78,6.353,4.85,0.9098,-9.02,较近,2026-08-25
601827.SH,三峰环境,core,,,11.0,1.77,2.9,8.27,9.174,7.07,0.9015,-9.85,较近,2026-08-25
002563.SZ,森马服饰,gm,36,64.7,15.0,0.87,4.26,5.88,6.53,4.86,0.9005,-9.95,较近,2026-08-25
002867.SZ,周大生,gm,1,81.6,11.6,0.78,3.26,12.37,13.99,10.44,0.8842,-11.58,较近,2026-08-25
600511.SH,国药股份,core,,,10.3,1.7,2.43,26.71,30.38,25.11,0.8792,-12.08,较近,2026-08-25
601918.SH,新集能源,gm,26,67.4,11.6,0.82,1.63,10.47,12.04,6.02,0.8696,-13.04,较近,2026-08-25
000719.SZ,中原传媒,core,14,70.7,8.9,1.4,4.23,12.11,13.93,10.36,0.8693,-13.07,较近,2026-08-25
603233.SH,大参林,scored,32,65.6,15.4,0.86,2.08,18.41,21.29,14.39,0.8647,-13.53,较近,2026-08-25
002668.SZ,TCL智家,core,,,10.7,1.88,,9.9,11.456,8.346,0.8642,-13.58,较近,2026-08-25
600398.SH,海澜之家,gm,,,13.2,1.72,5.71,6.04,7.02,5.09,0.8604,-13.96,较近,2026-08-25
601607.SH,上海医药,core,,,10.3,1.75,1.71,16.37,19.03,14.66,0.8602,-13.98,较近,2026-08-25
601033.SH,永兴股份,gm,,,14.3,1.22,3.74,14.17,16.6,13.15,0.8536,-14.64,较近,2026-08-25
600039.SH,四川路桥,core,,,10.6,1.62,3.67,8.58,10.19,7.22,0.842,-15.8,中等,2026-08-25
600064.SH,南京高科,core,2,78.6,7.7,0.29,4.88,7.68,9.15,6.75,0.8393,-16.07,中等,2026-08-25
600285.SH,羚锐制药,gm,20,68.9,14.2,1.19,3.65,19.67,23.65,19.0,0.8317,-16.83,中等,2026-08-25
600066.SH,宇通客车,scored,6,75.1,12.3,0.99,4.49,29.99,36.5,23.38,0.8216,-17.84,中等,2026-08-25
000028.SZ,国药一致,core,,,11.1,1.46,1.72,19.87,24.376,18.7,0.8151,-18.49,中等,2026-08-25
603049.SH,中策橡胶,core,17,69.7,10.1,0.95,2.78,49.25,60.57,42.7,0.8131,-18.69,中等,2026-08-25
601139.SH,深圳燃气,scored,28,66.7,11.7,0.7,2.22,6.32,7.84,5.49,0.8061,-19.39,中等,2026-08-25
600282.SH,南钢股份,core,,,10.8,1.42,4.19,4.74,5.913,4.114,0.8016,-19.84,中等,2026-08-25
688009.SH,中国通号,gm,,,14.4,1.22,3.12,4.96,6.2,4.58,0.8,-20.0,中等,2026-08-25
603515.SH,欧普照明,gm,,,13.5,1.54,3.9,16.66,20.97,15.92,0.7945,-20.55,中等,2026-08-25
600062.SH,华润双鹤,core,,,10.2,1.37,1.44,16.01,20.221,14.911,0.7918,-20.82,中等,2026-08-25
000999.SZ,华润三九,gm,29,66.6,12.0,1.13,1.8,24.11,30.64,21.6,0.7869,-21.31,中等,2026-08-25
600704.SH,物产中大,core,,,7.0,1.81,3.1,4.89,6.22,4.51,0.7862,-21.38,中等,2026-08-25
601163.SH,三角轮胎,core,,,10.5,1.06,2.94,12.97,16.68,11.95,0.7776,-22.24,中等,2026-08-25
600690.SH,海尔智家,core,,,10.5,1.69,2.73,21.23,27.436,18.376,0.7738,-22.62,中等,2026-08-25
000685.SZ,中山公用,core,13,70.9,7.6,0.61,2.87,11.13,14.405,9.055,0.7726,-22.74,中等,2026-08-25
000708.SZ,中信特钢,core,22,68.5,11.5,1.04,3.35,13.81,17.894,11.754,0.7718,-22.82,中等,2026-08-25
600717.SH,天津港,core,,,10.8,1.27,2.19,4.31,5.618,3.86,0.7672,-23.28,中等,2026-08-25
600820.SH,隧道股份,core,,,7.8,1.19,2.7,5.47,7.14,5.04,0.7661,-23.39,中等,2026-08-25
601898.SH,中煤能源,core,30,66.3,10.7,1.21,2.84,15.08,19.77,10.654,0.7628,-23.72,中等,2026-08-25
002444.SZ,巨星科技,gm,,,13.3,0.71,0.8,29.48,38.78,26.36,0.7602,-23.98,中等,2026-08-25
600803.SH,新奥股份,scored,3,77.6,12.5,0.58,3.53,17.86,23.59,14.54,0.7571,-24.29,中等,2026-08-25
601019.SH,山东出版,gm,,,12.3,0.9,3.5,7.04,9.31,6.31,0.7562,-24.38,中等,2026-08-25
002508.SZ,老板电器,gm,,,12.8,1.26,2.27,16.56,22.0,14.05,0.7527,-24.73,中等,2026-08-25
002091.SZ,江苏国泰,core,,,10.3,1.97,2.77,7.79,10.63,6.88,0.7328,-26.72,中等,2026-08-25
601900.SH,南方传媒,core,19,68.9,9.7,1.4,3.63,11.85,16.28,9.95,0.7279,-27.21,中等,2026-08-25
601117.SH,中国化学,core,24,68.1,7.0,0.74,1.86,7.52,10.369,7.039,0.7252,-27.48,中等,2026-08-25
002895.SZ,川恒股份,scored,34,65.1,15.6,0.7,3.18,32.1,44.52,23.341,0.721,-27.9,中等,2026-08-25
600710.SH,苏美达,core,5,76.4,9.7,0.94,4.0,10.61,14.795,9.175,0.7171,-28.29,中等,2026-08-25
000902.SZ,新洋丰,core,,,10.6,1.17,1.89,13.72,19.25,11.32,0.7127,-28.73,中等,2026-08-25
000157.SZ,中联重科,gm,33,65.3,14.1,0.54,4.07,7.07,9.96,6.64,0.7098,-29.02,中等,2026-08-25
600968.SH,海油发展,core,25,67.5,10.4,0.96,2.95,4.01,5.653,3.27,0.7094,-29.06,中等,2026-08-25
600970.SH,中材国际,core,8,74.0,7.7,0.81,3.29,7.85,11.13,6.98,0.7053,-29.47,中等,2026-08-25
601216.SH,君正集团,scored,11,72.4,12.3,0.71,4.49,4.47,6.37,4.03,0.7017,-29.83,中等,2026-08-25
601965.SH,中国汽研,gm,38,64.0,12.9,0.74,1.28,14.09,20.27,11.01,0.6951,-30.49,过远,2026-08-25
603816.SH,顾家家居,gm,10,73.1,13.0,0.8,3.89,25.06,36.21,20.65,0.6921,-30.79,过远,2026-08-25
600761.SH,安徽合力,scored,35,64.8,12.1,0.86,2.44,16.19,23.89,15.8,0.6777,-32.23,过远,2026-08-25
002001.SZ,新 和 成,core,4,77.5,11.3,0.69,2.01,26.32,39.391,21.422,0.6682,-33.18,过远,2026-08-25
000791.SZ,甘肃能源,core,,,11.4,1.3,1.55,7.21,10.91,6.07,0.6609,-33.91,过远,2026-08-25
600380.SH,健康元,gm,,,13.0,1.61,1.65,9.24,13.99,9.08,0.6605,-33.95,过远,2026-08-25
002011.SZ,盾安环境,core,12,71.6,10.0,0.81,,10.06,15.45,9.73,0.6511,-34.89,过远,2026-08-25
000528.SZ,柳    工,core,37,64.1,10.5,0.37,2.07,8.12,12.654,7.33,0.6417,-35.83,过远,2026-08-25
000513.SZ,丽珠集团,gm,,,14.0,1.89,3.62,25.97,41.15,25.74,0.6311,-36.89,过远,2026-08-25
601800.SH,中国交建,core,,,7.1,1.36,2.05,5.95,9.465,5.523,0.6286,-37.14,过远,2026-08-25
601877.SH,正泰电器,core,23,68.4,11.1,0.82,1.99,25.95,41.536,22.656,0.6248,-37.52,过远,2026-08-25
002555.SZ,三七互娱,gm,,,12.6,1.6,1.54,18.69,30.404,15.606,0.6147,-38.53,过远,2026-08-25
605599.SH,菜百股份,core,15,70.7,11.0,0.82,3.98,16.51,27.57,12.98,0.5988,-40.12,过远,2026-08-25
603444.SH,吉比特,gm,21,68.8,12.2,1.34,2.07,385.09,655.051,318.0,0.5879,-41.21,过远,2026-08-25
000963.SZ,华东医药,gm,,,13.6,1.05,1.12,27.28,46.43,25.63,0.5876,-41.24,过远,2026-08-25
000786.SZ,北新建材,gm,,,12.4,1.41,2.63,17.0,29.135,16.53,0.5835,-41.65,过远,2026-08-25
002020.SZ,京新药业,gm,,,14.4,1.41,2.59,12.9,22.286,11.45,0.5788,-42.12,过远,2026-08-25
600933.SH,爱柯迪,gm,27,67.4,12.6,0.52,1.62,13.85,24.09,12.46,0.5749,-42.51,过远,2026-08-25
002847.SZ,盐津铺子,gm,,,14.9,0.84,1.34,45.3,78.93,43.13,0.5739,-42.61,过远,2026-08-25
601717.SH,中创智领,core,9,73.7,6.6,1.16,4.87,15.09,26.44,13.66,0.5707,-42.93,过远,2026-08-25
600415.SH,小商品城,scored,39,63.9,15.4,0.8,1.63,12.17,22.9,9.46,0.5314,-46.86,过远,2026-08-25
603799.SH,华友钴业,core,40,63.6,11.0,0.41,1.38,39.13,81.67,35.58,0.4791,-52.09,过远,2026-08-25
300850.SZ,新强联,gm,,,13.0,0.38,0.39,25.07,57.415,22.06,0.4366,-56.34,过远,2026-08-25
