rank,code,name,price,mv_yi,pe,dy,exp_g,peg,con_roe,gpm,cetop,weight,in_gm
1,601169.SH,北京银行,5.09,1095.2,5.3,4.86,1.9,0.82,5.1,3.8,428.27,0.025,False
2,601128.SH,常熟银行,6.23,233.1,5.4,2.87,10.8,0.47,12.9,3.8,376.72,0.025,False
3,002839.SZ,张家港行,4.4,107.8,5.4,3.53,5.2,1.0,9.2,7.6,48.16,0.025,False
4,601601.SH,中国太保,32.0,3076.6,5.7,3.63,8.9,0.57,15.8,1.6,66.16,0.025,False
5,601838.SH,成都银行,18.76,796.4,5.9,4.97,6.8,0.75,12.4,21.0,102.83,0.025,False
6,600928.SH,西安银行,3.59,161.3,6.0,3.25,10.6,0.58,6.8,8.9,888.64,0.025,False
7,600919.SH,江苏银行,12.07,2231.5,6.2,4.08,8.7,0.66,10.2,8.8,316.16,0.025,False
8,600926.SH,杭州银行,16.8,1217.8,6.2,2.71,12.8,0.45,11.6,3.1,61.77,0.025,False
9,601077.SH,渝农商行,6.86,782.5,6.2,4.74,8.9,0.65,8.7,8.0,83.61,0.025,False
10,601009.SH,南京银行,11.62,1449.0,6.3,3.87,9.2,0.66,10.4,4.6,134.73,0.025,False
11,601318.SH,中国平安,55.87,10163.8,6.4,2.41,10.0,0.73,13.7,1.1,57.95,0.025,False
12,002948.SZ,青岛银行,5.94,348.1,6.4,4.13,19.3,0.31,11.1,11.9,64.32,0.025,False
13,601963.SH,重庆银行,11.0,406.1,6.8,3.43,11.7,0.59,9.0,7.0,122.2,0.025,False
14,601665.SH,齐鲁银行,6.55,406.8,6.9,3.19,14.2,0.45,11.3,7.0,113.24,0.025,False
15,601117.SH,中国化学,7.61,462.8,7.1,1.86,8.1,0.75,9.4,10.7,33.49,0.025,False
16,002966.SZ,苏州银行,8.76,389.4,7.1,3.49,9.2,0.72,8.7,5.7,97.77,0.025,False
17,600704.SH,物产中大,4.96,257.5,7.2,3.1,5.7,0.94,7.7,2.5,268.25,0.025,False
18,002142.SZ,宁波银行,33.75,2247.9,7.2,2.1,11.6,0.59,10.9,7.7,92.88,0.025,False
19,601319.SH,中国人保,7.18,3201.8,7.5,1.75,16.1,0.46,14.8,1.6,32.04,0.025,False
20,000685.SZ,中山公用,11.33,166.4,7.7,2.87,14.1,0.62,10.3,24.4,4.38,0.025,True
21,600064.SH,南京高科,7.73,134.3,7.9,4.88,20.6,0.36,10.6,23.5,8.44,0.025,True
22,601677.SH,明泰铝业,16.97,208.6,8.6,0.88,28.2,0.5,11.7,8.9,4.38,0.025,False
23,000612.SZ,焦作万方,11.27,132.9,9.4,1.67,32.6,0.62,16.5,28.5,11.87,0.025,True
24,601211.SH,国泰海通,17.91,3138.2,9.7,2.28,25.0,0.58,9.0,3.2,43.23,0.025,False
25,000783.SZ,长江证券,9.32,502.1,9.7,2.94,43.1,0.59,11.8,-1.2,25.82,0.025,False
26,600710.SH,苏美达,10.57,137.5,9.8,4.0,7.9,0.94,15.1,6.7,545.52,0.025,False
27,601688.SH,华泰证券,19.3,1727.7,9.8,2.11,14.1,0.8,8.3,8.9,20.0,0.025,False
28,600968.SH,海油发展,3.98,396.4,10.1,2.95,12.5,0.93,13.5,16.5,8.8,0.025,False
29,603049.SH,中策橡胶,50.11,436.4,10.2,2.78,7.9,0.93,16.4,19.8,6.31,0.025,False
30,600233.SH,圆通速递,16.95,580.4,10.2,1.82,46.5,0.31,15.7,10.1,13.17,0.025,False
31,002011.SZ,盾安环境,10.29,108.6,10.3,,4.8,0.83,14.6,18.3,14.13,0.025,False
32,601881.SH,中国银河,12.31,1339.5,10.4,1.63,21.2,0.64,9.0,7.5,54.73,0.025,False
33,000776.SZ,广发证券,21.59,1657.3,10.6,1.88,29.7,0.49,9.6,36.0,3.03,0.025,True
34,000528.SZ,柳    工,7.95,167.3,10.7,2.07,20.3,0.39,9.5,21.9,3.64,0.025,False
35,002170.SZ,芭田股份,11.66,110.0,10.8,1.87,40.9,0.27,25.4,37.2,14.12,0.025,True
36,002128.SZ,电投能源,28.35,860.7,10.9,2.63,43.5,0.47,13.0,39.8,11.92,0.025,True
37,600030.SH,中信证券,27.93,4338.9,10.9,1.69,34.9,0.5,11.0,3.4,47.77,0.025,False
38,603799.SH,华友钴业,40.18,756.8,11.0,1.38,12.4,0.46,12.7,19.3,6.06,0.025,False
39,601156.SH,东航物流,18.77,298.6,11.0,2.52,2.8,0.89,12.3,18.9,23.77,0.025,False
40,601877.SH,正泰电器,25.74,558.1,11.0,1.99,15.8,0.81,10.8,24.4,48.29,0.025,True
41,600989.SH,宝丰能源,24.0,1694.7,11.0,1.83,49.1,0.4,27.1,39.7,12.0,0.025,True
42,601918.SH,新集能源,10.75,269.4,11.1,1.63,18.2,0.76,13.0,40.5,11.97,0.025,True
43,605599.SH,菜百股份,15.71,123.0,11.1,3.98,10.8,0.76,24.0,7.8,5.34,0.025,False
44,600323.SH,瀚蓝环境,29.99,245.4,11.1,1.87,15.9,0.69,13.5,34.5,16.01,0.025,True
45,002001.SZ,新 和 成,26.96,813.2,11.3,2.01,23.2,0.7,21.3,43.7,9.92,0.025,True
46,000550.SZ,江铃汽车,16.09,137.7,11.5,2.56,40.3,0.3,12.9,14.3,19.49,0.025,False
47,301219.SZ,腾远钴业,46.54,176.4,11.6,2.07,47.6,0.38,15.3,30.7,257.74,0.025,True
48,600958.SH,东方证券,9.19,775.7,11.6,1.51,28.2,0.57,8.0,4.4,21.47,0.025,False
49,601139.SH,深圳燃气,6.35,181.2,11.7,2.22,26.3,0.58,10.0,18.4,23.9,0.025,False
50,000680.SZ,山推股份,10.4,155.0,11.7,0.7,21.3,0.5,19.7,22.5,5.65,0.025,True
51,600120.SH,浙江东方,4.95,169.4,12.1,1.43,50.3,0.53,7.3,6.6,8.5,0.025,False
52,600066.SH,宇通客车,29.91,673.0,12.3,4.49,9.9,0.99,35.5,25.4,11.25,0.025,True
53,000792.SZ,盐湖股份,28.21,1489.6,12.3,,37.0,0.5,21.8,62.3,8.03,0.025,True
54,000728.SZ,国元证券,7.72,335.6,12.3,1.65,22.2,0.62,7.4,15.4,49.86,0.025,False
55,600803.SH,新奥股份,17.59,539.8,12.4,3.53,18.9,0.57,19.1,14.1,24.73,0.025,False
56,601019.SH,山东出版,6.69,141.7,12.4,3.5,17.4,0.88,8.5,36.1,7.45,0.025,True
57,002078.SZ,太阳纸业,14.89,431.0,12.6,1.67,15.0,0.89,11.2,15.3,14.27,0.025,False
58,600933.SH,爱柯迪,13.88,143.5,12.7,1.62,18.5,0.52,12.5,29.4,14.18,0.025,True
59,002867.SZ,周大生,11.13,121.6,12.7,3.26,16.6,0.71,18.2,35.0,2019.35,0.025,True
60,601975.SH,招商南油,3.97,185.3,12.7,,52.5,0.39,14.8,29.4,11.3,0.025,True
61,600219.SH,南山铝业,4.83,554.7,12.7,2.16,4.7,0.94,9.4,22.3,10.64,0.025,True
62,601216.SH,君正集团,4.66,390.7,12.7,4.49,14.4,0.74,12.8,21.0,14.51,0.025,False
63,600583.SH,海油工程,6.11,265.3,12.8,2.39,11.7,0.85,7.7,13.3,10.76,0.025,False
64,300850.SZ,新强联,24.81,102.6,12.9,0.39,22.5,0.38,12.5,28.4,1.08,0.025,True
65,601058.SH,赛轮轮胎,13.99,458.4,12.9,1.31,27.7,0.4,17.4,25.2,10.3,0.025,True
66,002545.SZ,东方铁塔,18.2,220.8,13.1,3.7,58.7,0.33,16.9,41.0,10.61,0.025,True
67,000951.SZ,中国重汽,22.39,237.9,13.1,1.77,22.1,0.56,11.2,7.6,13.16,0.025,False
68,601901.SH,方正证券,6.91,561.4,13.2,0.46,27.9,0.8,9.1,6.6,18.11,0.025,False
69,603816.SH,顾家家居,24.79,233.7,13.2,3.89,15.0,0.82,14.2,33.1,12.69,0.025,True
70,601702.SH,华峰铝业,15.88,158.4,13.3,1.1,18.7,0.58,18.9,14.1,1.54,0.025,False
71,300910.SZ,瑞丰新材,27.58,104.5,13.4,2.2,16.7,0.76,20.3,34.2,7.73,0.025,True
72,601965.SH,中国汽研,14.23,144.4,13.4,1.28,6.1,0.94,12.9,45.9,9.72,0.025,True
73,603565.SH,中谷物流,12.89,267.8,13.5,5.38,30.0,0.53,19.9,25.4,13.35,0.025,True
74,601899.SH,紫金矿业,34.57,9165.8,13.5,1.16,57.5,0.31,32.9,31.1,10.42,0.025,True
75,601108.SH,财通证券,8.83,402.6,13.6,1.14,24.5,0.65,7.9,5.8,578.54,0.025,False
76,600426.SH,华鲁恒升,20.82,561.0,13.7,1.74,45.0,0.4,12.9,20.7,7.21,0.025,False
77,601377.SH,兴业证券,5.95,512.1,14.0,1.61,29.1,0.69,5.8,4.3,73.12,0.025,False
78,600060.SH,海信视像,27.99,362.0,14.0,3.07,15.2,0.94,11.9,16.9,12.19,0.025,False
79,300428.SZ,立中集团,19.13,129.2,14.0,0.81,19.0,0.63,10.6,10.0,2.91,0.025,False
80,601339.SH,XD百隆东,7.55,116.1,14.1,5.98,51.0,0.43,10.3,14.4,17.33,0.025,False
81,002444.SZ,巨星科技,30.72,361.4,14.1,0.8,15.8,0.75,13.5,33.0,5.11,0.025,True
82,000157.SZ,中联重科,7.09,612.3,14.1,4.07,15.7,0.54,8.9,27.8,8.53,0.025,True
83,600309.SH,万华化学,75.92,2331.9,14.2,1.79,54.1,0.35,15.7,13.5,17.03,0.025,False
84,000425.SZ,徐工机械,8.01,936.9,14.2,2.84,29.8,0.44,12.3,22.6,16.39,0.025,True
85,600177.SH,雅戈尔,7.79,364.8,14.2,3.04,21.2,0.6,6.7,46.2,3.14,0.025,True
86,002701.SZ,奥瑞金,4.79,122.9,14.3,2.54,5.9,0.7,9.9,13.1,21.23,0.025,False
87,603871.SH,嘉友国际,13.52,189.9,14.5,1.97,35.8,0.51,21.9,19.8,6.91,0.025,False
88,601995.SH,中金公司,34.86,1667.8,14.7,0.45,39.1,0.54,9.6,3.8,54.02,0.025,False
89,601878.SH,浙商证券,9.38,426.7,14.8,1.01,24.4,0.96,7.7,3.8,11.5,0.025,False
90,601799.SH,星宇股份,81.86,246.7,14.9,0.77,14.5,0.47,14.2,19.7,9.73,0.025,False
91,600415.SH,小商品城,12.28,675.0,15.0,1.63,18.5,0.79,19.9,31.2,16.5,0.025,True
92,002563.SZ,森马服饰,5.88,158.1,15.1,4.26,23.2,0.87,9.1,45.6,14.24,0.025,True
93,002895.SZ,川恒股份,33.02,194.4,15.1,3.18,19.6,0.68,18.1,29.1,4.72,0.025,True
94,601808.SH,中海油服,12.58,588.8,15.2,1.24,17.0,0.94,9.0,17.6,19.27,0.025,False
95,603338.SH,浙江鼎力,57.8,291.6,15.2,1.59,10.3,0.87,15.5,32.8,5.7,0.025,True
96,603233.SH,大参林,17.72,207.8,15.2,2.08,20.1,0.84,17.9,34.6,22.31,0.025,True
97,002847.SZ,盐津铺子,45.12,122.1,15.2,1.34,14.1,0.86,33.8,31.7,8.95,0.025,True
98,600801.SH,华新建材,23.94,496.5,15.3,3.68,28.2,0.53,10.2,31.2,16.05,0.025,True
99,603486.SH,科沃斯,53.03,311.2,15.4,0.92,23.4,0.73,19.5,47.8,7.64,0.025,True
100,300181.SZ,佐力药业,14.21,100.0,15.4,2.8,28.2,0.47,20.1,62.4,5.63,0.025,True
101,600021.SH,上海电力,13.76,387.2,15.5,1.94,24.4,0.84,9.2,24.9,34.49,0.025,True
102,601066.SH,中信建投,25.78,1960.1,15.6,0.89,35.4,0.84,9.8,3.3,42.99,0.025,False
103,002043.SZ,兔 宝 宝,13.0,106.4,15.6,3.77,11.7,0.97,20.5,16.7,9.0,0.025,False
104,600216.SH,浙江医药,13.01,125.8,15.6,1.96,21.1,0.75,8.7,32.5,12.55,0.025,True
105,000065.SZ,北方国际,9.95,116.3,15.7,0.88,24.8,0.56,7.7,15.2,9.15,0.025,False
106,601225.SH,陕西煤业,27.0,2554.6,15.8,4.16,22.7,0.97,17.4,28.2,15.28,0.025,True
107,600116.SH,三峡水利,6.31,121.2,15.8,1.19,39.9,0.93,5.2,12.7,9.19,0.025,False
108,601330.SH,绿色动力,7.07,101.3,15.8,1.81,21.8,0.85,8.3,47.8,18.36,0.025,True
109,601966.SH,玲珑轮胎,11.08,166.0,15.9,0.77,37.8,0.28,7.6,17.5,17.92,0.025,False
110,600166.SH,福田汽车,2.95,229.6,16.1,,51.0,0.29,11.7,10.0,5.72,0.025,False
111,002517.SZ,恺英网络,16.65,352.1,16.3,0.85,40.7,0.48,21.9,80.2,6.42,0.025,True
112,002602.SZ,世纪华通,13.92,1028.2,16.4,,60.0,0.29,22.9,70.6,8.99,0.025,True
113,000729.SZ,燕京啤酒,11.48,323.6,16.4,1.02,22.6,0.82,11.7,44.5,7.79,0.025,True
114,600258.SH,首旅酒店,12.37,138.3,16.5,1.46,16.3,0.96,7.2,40.5,24.4,0.025,True
115,600428.SH,中远海特,10.98,305.9,16.6,2.9,50.7,0.38,13.8,21.1,22.18,0.025,False
116,603379.SH,三美股份,59.76,358.3,16.8,0.78,21.8,0.62,25.3,52.0,6.04,0.025,True
117,600361.SH,创新新材,3.7,141.8,16.8,1.72,51.6,0.29,9.7,3.2,3.96,0.025,False
118,603713.SH,密尔克卫,64.22,110.4,16.8,0.77,18.9,0.81,14.2,11.2,1137.69,0.025,False
119,603733.SH,仙鹤股份,21.71,172.9,16.8,1.76,28.1,0.52,12.9,13.8,7.26,0.025,False
120,002984.SZ,森麒麟,14.13,147.8,16.9,1.02,4.9,0.6,8.1,20.7,4.9,0.025,False
121,605507.SH,国邦医药,15.38,120.3,17.0,1.97,9.7,0.74,10.1,25.2,7.41,0.025,True
122,603345.SH,安井食品,77.48,257.4,17.1,1.29,26.1,0.74,10.2,22.2,9.95,0.025,False
123,600486.SH,扬农化工,55.08,218.8,17.2,1.07,13.9,0.86,11.6,21.2,10.57,0.025,False
124,603596.SH,伯特利,25.9,230.3,17.6,0.56,25.6,0.54,17.1,20.0,4.23,0.025,False
125,300628.SZ,亿联网络,39.87,510.3,17.7,2.01,20.5,0.84,29.0,63.4,3.38,0.025,True
126,603979.SH,金诚信,80.35,503.5,17.7,0.58,50.9,0.42,24.7,34.4,10.21,0.025,True
127,002946.SZ,新乳业,15.33,139.3,17.8,0.82,20.8,0.83,19.1,29.3,12.01,0.025,True
128,603568.SH,伟明环保,15.04,307.9,17.9,1.2,14.3,0.86,15.5,50.8,10.09,0.025,True
129,600028.SH,中国石化,5.29,6445.3,17.9,3.17,32.9,0.64,4.9,17.0,23.85,0.025,False
130,600196.SH,复星医药,22.89,610.5,18.0,1.25,17.3,0.82,7.8,50.5,8.41,0.025,True
131,600089.SH,特变电工,19.36,973.2,18.3,2.63,7.1,0.84,8.0,19.0,8.58,0.025,False
132,601001.SH,晋控煤业,18.77,303.4,18.3,4.69,33.2,0.67,11.3,40.8,13.64,0.025,True
133,603317.SH,天味食品,13.4,140.6,18.5,2.56,31.3,0.83,16.2,41.9,5.38,0.025,True
134,000422.SZ,湖北宜化,12.57,135.2,18.5,1.63,7.3,0.93,10.5,16.0,28.22,0.025,False
135,603393.SH,新天然气,25.99,106.6,18.7,2.41,16.4,0.9,9.2,41.6,23.93,0.025,True
136,600388.SH,紫金龙净,18.2,228.6,18.7,1.84,29.2,0.63,12.2,25.2,6.99,0.025,True
137,603659.SH,璞泰来,23.91,517.2,18.8,0.72,38.8,0.44,14.1,31.1,6.04,0.025,True
138,300573.SZ,兴齐眼药,41.29,142.3,18.8,0.66,36.7,0.42,32.5,81.6,5.42,0.025,True
139,688578.SH,艾力斯,115.05,504.4,18.8,0.5,34.0,0.7,29.8,96.3,4.74,0.025,True
140,600548.SH,深高速,8.23,209.9,18.9,4.59,27.9,0.89,5.3,30.6,22.12,0.025,True
141,000997.SZ,新 大 陆,20.88,209.6,19.0,1.49,8.4,0.86,13.5,35.0,901.59,0.025,True
142,600956.SH,新天绿能,7.17,323.6,19.1,2.21,11.8,0.85,7.7,20.4,20.07,0.025,False
143,600875.SH,东方电气,25.95,890.9,19.2,2.01,16.0,0.99,9.3,16.1,2.91,0.025,False
144,688016.SH,心脉医疗,90.84,113.7,19.3,1.22,16.4,1.0,13.9,72.0,4.86,0.025,True
145,002415.SZ,海康威视,35.29,3187.5,19.4,2.24,27.0,0.83,19.1,43.5,7.48,0.025,True
146,603766.SH,隆鑫通用,14.62,303.7,19.4,1.82,28.9,0.58,20.7,18.1,8.18,0.025,False
147,603218.SH,日月股份,9.79,100.9,19.5,1.89,56.3,0.33,7.7,17.2,11.33,0.025,False
148,601038.SH,一拖股份,14.32,161.0,19.5,1.51,7.7,0.91,10.5,15.4,7.43,0.025,False
149,688208.SH,道通科技,25.77,173.6,19.5,1.23,16.7,0.63,23.8,56.0,3.63,0.025,True
150,603092.SH,德力佳,42.0,167.3,19.8,,18.3,0.95,15.6,24.9,3.85,0.025,True
151,600754.SH,锦江酒店,19.2,203.5,19.8,1.15,28.9,0.71,7.0,38.7,18.31,0.025,True
152,603093.SH,南华期货,13.52,127.6,19.8,0.51,52.8,0.5,12.0,5.5,150.42,0.025,False
153,600458.SH,时代新材,11.89,110.4,19.9,1.23,23.2,0.73,7.5,14.7,18.76,0.025,False
154,000700.SZ,模塑科技,11.68,101.0,20.0,2.44,24.4,0.76,13.6,18.4,9.11,0.025,False
155,603885.SH,吉祥航空,10.52,229.3,20.2,0.71,-20.2,0.84,7.7,13.2,34.25,0.025,False
156,600348.SH,华阳股份,9.51,323.2,20.3,5.81,47.1,0.41,6.8,40.9,9.83,0.025,True
157,601886.SH,江河集团,13.32,147.1,20.3,2.84,46.1,0.53,11.6,17.5,13.0,0.025,False
158,688169.SH,石头科技,130.6,341.5,20.4,0.64,47.8,0.46,13.0,42.0,1.38,0.025,True
159,600872.SH,中炬高新,18.31,142.9,20.6,1.71,30.7,0.92,12.0,41.1,6.03,0.025,True
160,600031.SH,三一重工,19.06,1734.2,20.6,1.55,27.3,0.6,10.8,27.7,10.98,0.025,True
161,300750.SZ,宁德时代,373.0,17535.0,20.6,1.11,33.6,0.61,22.3,26.2,7.49,0.025,True
162,000338.SZ,潍柴动力,26.99,2335.5,20.7,1.7,32.7,0.57,13.6,21.3,12.48,0.025,False
163,301035.SZ,润丰股份,57.16,205.8,20.8,1.17,22.4,0.72,15.1,23.6,8.14,0.025,True
164,603606.SH,东方电缆,34.24,283.5,20.8,0.77,21.8,0.79,16.4,22.2,3.54,0.025,True
165,689009.SH,九号公司-WD,43.95,317.5,20.8,15.44,10.4,0.72,23.4,28.6,8.46,0.025,True
166,301665.SZ,泰禾股份,25.12,108.9,20.9,1.01,20.0,0.95,13.4,27.3,9.11,0.025,True
167,002130.SZ,沃尔核材,17.23,240.8,20.9,0.79,34.2,0.48,15.1,31.2,4.8,0.025,True
168,001221.SZ,悍高集团,38.25,153.4,21.0,0.61,17.5,0.95,23.1,36.5,5.51,0.025,True
169,601958.SH,金钼股份,23.39,743.7,21.2,2.47,27.6,0.85,17.5,41.2,3.11,0.025,True
170,688036.SH,传音控股,57.73,665.6,21.2,1.77,37.4,0.52,15.5,20.5,41.65,0.025,False
171,002541.SZ,鸿路钢构,19.86,136.9,21.3,1.55,44.1,0.47,8.3,9.9,4.84,0.025,False
172,002340.SZ,格林美,6.65,339.8,21.4,0.84,20.6,0.64,8.2,15.9,10.35,0.025,False
173,600621.SH,华鑫股份,13.52,140.4,21.5,0.69,31.8,0.79,8.3,58.1,49.22,0.025,True
174,600352.SH,浙江龙盛,12.81,409.3,21.5,2.22,53.5,0.46,8.3,31.5,8.96,0.025,True
175,600699.SH,均胜电子,19.2,294.3,21.5,1.23,34.8,0.62,10.2,18.3,18.08,0.025,False
176,600312.SH,平高电气,20.01,277.2,21.8,0.66,25.1,0.81,11.2,24.0,1.22,0.025,True
177,601567.SH,三星电气,14.68,209.2,22.0,2.67,42.9,0.32,13.6,29.2,9.1,0.025,True
178,300888.SZ,稳健医疗,29.9,175.6,22.2,1.57,22.8,0.99,7.8,47.8,10.52,0.025,True
179,002487.SZ,大金重工,35.41,261.0,22.5,0.24,38.4,0.35,9.9,33.4,6.76,0.025,True
180,600572.SH,康恩贝,4.51,112.7,22.6,3.2,35.8,0.67,8.8,53.9,9.17,0.025,True
181,603296.SH,华勤技术,78.49,1170.0,22.7,1.37,44.6,0.65,16.8,8.0,1.49,0.025,False
182,688278.SH,特宝生物,59.05,244.9,22.7,0.61,16.8,0.96,31.4,91.1,2.68,0.025,True
183,002832.SZ,比音勒芬,24.03,137.8,22.8,2.06,32.7,0.69,12.0,75.1,5.71,0.025,True
184,600141.SH,兴发集团,31.15,365.3,22.8,3.25,29.7,0.7,7.4,18.1,2.27,0.025,False
185,603236.SH,XD移远通,56.62,221.9,22.9,0.59,45.1,0.5,15.2,18.0,188.41,0.025,False
186,002595.SZ,豪迈科技,47.48,547.8,22.9,1.2,22.8,0.84,19.7,33.6,1.7,0.025,True
187,002683.SZ,广东宏大,29.79,224.2,23.0,1.25,25.0,0.83,15.4,20.9,7.39,0.025,False
188,600160.SH,巨化股份,39.54,1030.0,23.5,0.96,54.3,0.49,23.1,29.6,6.41,0.025,True
189,300693.SZ,盛弘股份,40.83,130.2,23.9,0.87,28.6,0.76,23.3,39.3,5.73,0.025,True
190,300130.SZ,新国都,19.88,111.8,24.1,1.39,21.2,0.72,11.8,32.8,3.59,0.025,True
191,600063.SH,皖维高新,5.84,118.8,24.2,1.42,48.6,0.48,7.2,12.7,5.01,0.025,False
192,600988.SH,赤峰黄金,48.22,890.3,24.8,0.45,51.4,0.48,26.0,40.6,7.04,0.025,True
193,002475.SZ,立讯精密,57.18,4419.1,24.8,0.43,38.2,0.53,21.1,12.0,4.09,0.025,False
194,002258.SZ,利尔化学,14.16,112.6,25.6,2.06,36.6,0.55,7.7,17.0,9.36,0.025,False
195,002158.SZ,汉钟精机,27.85,137.4,27.9,2.56,29.6,0.85,12.3,33.5,5.45,0.025,True
196,001696.SZ,宗申动力,15.22,171.2,28.0,2.63,30.4,0.58,13.9,13.6,6.9,0.025,False
197,600395.SH,盘江股份,5.67,119.8,30.1,4.08,55.4,0.65,4.6,28.8,11.76,0.025,True
198,601231.SH,环旭电子,27.55,637.8,31.3,2.1,31.6,0.65,10.2,9.5,3.3,0.025,False
199,000725.SZ,京东方Ａ,5.94,2118.9,35.6,2.21,42.1,0.63,5.8,15.6,21.28,0.025,False
200,603730.SH,岱美股份,10.87,229.7,36.0,3.41,45.5,0.79,16.6,26.0,5.71,0.025,True
201,000937.SZ,冀中能源,5.14,192.0,47.4,8.75,36.3,0.75,4.2,26.1,10.82,0.025,True
202,002601.SZ,龙佰集团,16.25,387.0,51.9,2.25,26.8,0.6,6.5,18.8,11.47,0.025,False
203,002938.SZ,鹏鼎控股,89.2,2023.2,53.4,2.31,40.5,0.81,13.7,23.6,3.06,0.025,True
204,002597.SZ,金禾实业,20.31,113.6,56.5,2.02,51.8,0.53,6.3,14.3,5.58,0.025,False
205,002304.SZ,洋河股份,38.88,601.2,59.2,3.23,29.2,0.98,5.7,70.8,753.97,0.025,True
206,001203.SZ,大中矿业,27.58,419.3,64.3,2.02,59.0,0.39,14.3,46.2,3.14,0.025,True
207,603920.SH,世运电路,38.83,268.2,69.9,2.41,14.0,0.85,11.1,16.7,2.78,0.025,False
208,002913.SZ,奥士康,59.01,180.2,84.6,2.08,52.6,0.78,9.6,20.2,1.7,0.025,False
209,301362.SZ,民爆光电,118.39,164.2,123.7,3.63,34.2,0.82,9.4,27.5,1.21,0.025,True
210,300951.SZ,博硕科技,75.27,115.6,788.2,2.25,29.2,0.72,7.8,29.7,1.5,0.025,True
