,nav
2016-01-04,1.0
2016-01-05,1.0
2016-01-06,1.0
2016-01-07,1.0
2016-01-08,1.0
2016-01-11,1.0
2016-01-12,1.0
2016-01-13,1.0
2016-01-14,1.0
2016-01-15,1.0
2016-01-18,1.0
2016-01-19,1.0
2016-01-20,1.0
2016-01-21,1.0
2016-01-22,1.0
2016-01-25,1.0
2016-01-26,1.0
2016-01-27,1.0
2016-01-28,1.0
2016-01-29,1.0
2016-02-01,1.0
2016-02-02,1.0
2016-02-03,1.0
2016-02-04,1.0
2016-02-05,1.0
2016-02-15,1.0
2016-02-16,1.0
2016-02-17,1.0
2016-02-18,1.0
2016-02-19,1.0
2016-02-22,1.0
2016-02-23,1.0
2016-02-24,1.0
2016-02-25,1.0
2016-02-26,1.0
2016-02-29,1.0
2016-03-01,1.0
2016-03-02,1.0
2016-03-03,1.0
2016-03-04,1.0
2016-03-07,1.0
2016-03-08,1.0
2016-03-09,1.0
2016-03-10,1.0
2016-03-11,1.0
2016-03-14,1.0
2016-03-15,1.0
2016-03-16,1.0
2016-03-17,1.0
2016-03-18,1.0
2016-03-21,1.0
2016-03-22,1.0
2016-03-23,1.0
2016-03-24,1.0
2016-03-25,1.0
2016-03-28,1.0
2016-03-29,1.0
2016-03-30,1.0
2016-03-31,1.0
2016-04-01,1.0
2016-04-05,1.0108207635666366
2016-04-06,1.0157731298707522
2016-04-07,1.0068838965960858
2016-04-08,1.0012304822196063
2016-04-11,1.0111310811892618
2016-04-12,1.0079898946371106
2016-04-13,1.012421070948887
2016-04-14,1.017138666086593
2016-04-15,1.016882245030805
2016-04-20,0.9889243058543957
2016-04-21,0.9853559370318351
2016-04-22,0.9945277592467394
2016-04-25,0.9934020420998193
2016-04-26,0.9982339003402353
2016-04-27,0.9972937631962588
2016-04-28,0.9968339600321955
2016-04-29,1.002903673156804
2016-05-03,1.023897564074332
2016-05-04,1.0222511549588866
2016-05-05,1.0246240291037303
2016-05-06,1.0024667229975885
2016-05-09,0.9901971955390578
2016-05-10,0.9954302678434774
2016-05-11,1.003331836918802
2016-05-12,1.000561683672835
2016-05-13,0.9959472811197825
2016-05-16,1.0035116309933323
2016-05-17,0.9996270877455313
2016-05-18,0.9870921338123168
2016-05-19,0.9869802814756041
2016-05-20,0.9922037820380347
2016-05-23,0.997652365182035
2016-05-24,0.992366490486412
2016-05-25,0.9892923770350581
2016-05-26,0.9903529923626586
2016-05-27,0.9904522565959678
2016-05-30,0.9875093819636531
2016-05-31,1.00591559205075
2016-06-01,1.0100475728076606
2016-06-02,1.0139736929695775
2016-06-03,1.0248718043398246
2016-06-06,1.0250171064502125
2016-06-07,1.0257175503320464
2016-06-08,1.0206630475534288
2016-06-13,0.9992731403220632
2016-06-14,1.004710599660863
2016-06-15,1.0170915480634726
2016-06-16,1.0137703636666018
2016-06-17,1.0205433326365052
2016-06-20,1.0209620041506504
2016-06-21,1.0153606015433114
2016-06-22,1.0230258088655249
2016-06-23,1.0193377279059888
2016-06-24,1.0131877968136345
2016-06-27,1.0278682166842135
2016-06-28,1.0332617661174832
2016-06-29,1.0328418582052734
2016-06-30,1.0363805953326901
2016-07-01,1.0353168000319077
2016-07-05,1.046924948729103
2016-07-06,1.0602232853885143
2016-07-07,1.0590011953015646
2016-07-08,1.0567591311653262
2016-07-11,1.063798034858876
2016-07-12,1.0829182786343154
2016-07-13,1.07911624832863
2016-07-14,1.0780753291702811
2016-07-15,1.0808107449296793
2016-07-18,1.0762024140264943
2016-07-19,1.0692702332687547
2016-07-20,1.070017898244324
2016-07-21,1.0740528584281894
2016-07-22,1.0648343433563607
2016-07-25,1.0661867390384947
2016-07-26,1.0792660936636034
2016-07-27,1.0601354800170155
2016-07-28,1.0661638401458342
2016-07-29,1.0670841717552968
2016-08-01,1.0528433024175687
2016-08-02,1.0548180979313255
2016-08-03,1.0583057539654757
2016-08-04,1.0584824109229325
2016-08-05,1.0568616676347915
2016-08-08,1.0615276601410453
2016-08-09,1.0688828426592494
2016-08-10,1.0653234001939542
2016-08-11,1.060885730415805
2016-08-12,1.0642492149519178
2016-08-15,1.0764283048260943
2016-08-16,1.0775258816120625
2016-08-17,1.0792940190103704
2016-08-18,1.0759196341543016
2016-08-19,1.0749432465278164
2016-08-22,1.0714372146362416
2016-08-23,1.072589274869789
2016-08-24,1.0713372316454475
2016-08-25,1.0683733816770196
2016-08-26,1.0697869376664588
2016-08-29,1.0684805624563385
2016-08-30,1.068241804209853
2016-08-31,1.0709670810713126
2016-09-01,1.0668792103291742
2016-09-02,1.067907290409747
2016-09-05,1.073431886625142
2016-09-06,1.082956078271897
2016-09-07,1.0806584298950705
2016-09-08,1.0807058593738215
2016-09-09,1.0753794787048985
2016-09-12,1.0587931543405478
2016-09-13,1.0614287701890819
2016-09-14,1.0568879898552828
2016-09-19,1.0655724998263656
2016-09-20,1.0646526948679833
2016-09-21,1.0648713101806382
2016-09-22,1.0690201511639816
2016-09-23,1.067308407030355
2016-09-26,1.0554670882370847
2016-09-27,1.0610876912014593
2016-09-28,1.0598112535676423
2016-09-29,1.063384538204807
2016-09-30,1.0697824993918814
2016-10-10,1.0797381666202317
2016-10-11,1.0826585314751203
2016-10-12,1.0821827043165482
2016-10-13,1.0799673507220058
2016-10-14,1.080374253741276
2016-10-17,1.0758534774522541
2016-10-18,1.0844881520573548
2016-10-19,1.0830996883279693
2016-10-20,1.0826663758774806
2016-10-21,1.0817524504082612
2016-10-24,1.0885081258683982
2016-10-25,1.0929810653403158
2016-10-26,1.095412729209078
2016-10-27,1.0932081459731973
2016-10-28,1.0898719304299425
2016-10-31,1.090921722571693
2016-11-01,1.0976762732397247
2016-11-02,1.0933841053195663
2016-11-03,1.0958206594603537
2016-11-04,1.092992731395469
2016-11-07,1.0925774851091883
2016-11-08,1.0982259264323018
2016-11-09,1.0934419882029722
2016-11-10,1.1006238297683264
2016-11-11,1.0991898562918379
2016-11-14,1.0966039798579148
2016-11-15,1.1000286779216486
2016-11-16,1.099061341190488
2016-11-17,1.0988791376283968
2016-11-18,1.0965590724205476
2016-11-21,1.098780353232824
2016-11-22,1.1020825886722574
2016-11-23,1.1076509209889145
2016-11-24,1.1138758402804214
2016-11-25,1.1163570498446709
2016-11-28,1.1214196913719003
2016-11-29,1.1268848428136722
2016-11-30,1.1212536043791197
2016-12-01,1.1292376406279687
2016-12-02,1.1147455766362646
2016-12-05,1.0998745206793947
2016-12-06,1.105648968561977
2016-12-07,1.109659508975731
2016-12-08,1.1104740814875647
2016-12-09,1.1125898349828365
2016-12-12,1.0844362527385198
2016-12-13,1.0879236948744466
2016-12-14,1.0822219669851705
2016-12-15,1.0797118760496334
2016-12-16,1.0866441116177834
2016-12-19,1.085048595796642
2016-12-20,1.0823320914125263
2016-12-21,1.0862187095512905
2016-12-22,1.0858164676823563
2016-12-23,1.076829050963865
2016-12-26,1.080006782713049
2016-12-27,1.0806924950223467
2016-12-28,1.0776913761279696
2016-12-29,1.0763461365108764
2016-12-30,1.080884520030041
2017-01-03,1.0878942103912308
2017-01-04,1.097765745755555
2017-01-05,1.0962282662097236
2017-01-06,1.0913640090561436
2017-01-09,1.0929440686641547
2017-01-10,1.092667868082705
2017-01-11,1.0849881314085437
2017-01-12,1.0794991823306235
2017-01-13,1.0735238986546474
2017-01-16,1.0616943434582986
2017-01-17,1.0684867365548185
2017-01-18,1.0719844049386449
2017-01-19,1.0692561006545294
2017-01-20,1.0768048276035223
2017-01-23,1.0789101910081498
2017-01-24,1.0778038289488105
2017-01-25,1.0807951455684148
2017-01-26,1.0836397773881314
2017-02-03,1.0814578885616462
2017-02-06,1.0850919683803564
2017-02-07,1.0834473592323994
2017-02-08,1.0871478724983117
2017-02-09,1.0917189703525065
2017-02-10,1.091732264908128
2017-02-13,1.1021869993682583
2017-02-14,1.1007309309141822
2017-02-15,1.0973892857131056
2017-02-16,1.1029215409109052
2017-02-17,1.101992638635293
2017-02-20,1.1155023406307427
2017-02-21,1.1166266403418008
2017-02-22,1.121054325960129
2017-02-23,1.1210423251622261
2017-02-24,1.1201911516950407
2017-02-27,1.1116213071147443
2017-02-28,1.1131856883198479
2017-03-01,1.1151827840311204
2017-03-02,1.1112716305298451
2017-03-03,1.1131167850142085
2017-03-06,1.1225887462032786
2017-03-07,1.1282696626544808
2017-03-08,1.1261248016568661
2017-03-09,1.1221965443388584
2017-03-10,1.1279185747446985
2017-03-13,1.1328900905137353
2017-03-14,1.1309195288235774
2017-03-15,1.1351095252267354
2017-03-16,1.1357828239995922
2017-03-17,1.1305180452260366
2017-03-20,1.1351664263613113
2017-03-21,1.147205062693643
2017-03-22,1.1488112272410471
2017-03-23,1.1505309832659023
2017-03-24,1.1524921244660833
2017-03-27,1.1444435293935578
2017-03-28,1.142359826578737
2017-03-29,1.1406849691646876
2017-03-30,1.1304503468315483
2017-03-31,1.1367935655845784
2017-04-06,1.144961980680646
2017-04-07,1.1430297082024263
2017-04-10,1.132953096904586
2017-04-11,1.1294953343483578
2017-04-12,1.1303266683486854
2017-04-13,1.1363104876578494
2017-04-14,1.1287420316679961
2017-04-17,1.1297159325365158
2017-04-18,1.1366687287583788
2017-04-19,1.1362761698344879
2017-04-20,1.145166066470031
2017-04-21,1.1399078853559663
2017-04-24,1.1261209031777992
2017-04-25,1.1377815718672037
2017-04-26,1.1360594030320188
2017-04-27,1.1382287399486235
2017-04-28,1.1307323441202464
2017-05-02,1.1325088946580046
2017-05-03,1.1322975598322107
2017-05-04,1.1310848492281884
2017-05-05,1.1288144117143661
2017-05-08,1.1164288720315987
2017-05-09,1.1141150187797326
2017-05-10,1.1090141517854148
2017-05-11,1.1140393183476718
2017-05-12,1.1146016672262682
2017-05-15,1.1198062557566597
2017-05-16,1.1325839361208312
2017-05-17,1.1260036881716218
2017-05-18,1.1241499993443647
2017-05-19,1.1307672198394418
2017-05-22,1.1302771013543518
2017-05-23,1.1294152991223156
2017-05-24,1.1277393361143762
2017-05-25,1.1285969533779847
2017-05-26,1.1314098006177695
2017-05-31,1.13061994417004
2017-06-01,1.1282683194730145
2017-06-02,1.1276186486855366
2017-06-05,1.1267426873233397
2017-06-06,1.1375895318253417
2017-06-07,1.1509283872014742
2017-06-08,1.1636203960986697
2017-06-09,1.1645318689553945
2017-06-12,1.1693140317611288
2017-06-13,1.1721265816667161
2017-06-14,1.1629015481621507
2017-06-15,1.1626149681978262
2017-06-16,1.1577815230614457
2017-06-19,1.1674831772759446
2017-06-20,1.1657905402303845
2017-06-21,1.1809254292007312
2017-06-22,1.1737418279909364
2017-06-23,1.184531848045307
2017-06-26,1.194984512832499
2017-06-27,1.1974526606992257
2017-06-28,1.1861021934524396
2017-06-29,1.189574569681557
2017-06-30,1.1925375669657878
2017-07-03,1.1843422024108718
2017-07-04,1.175735484787224
2017-07-05,1.1827926590615758
2017-07-06,1.1783228713542215
2017-07-07,1.1701867032815887
2017-07-10,1.1712009035524922
2017-07-11,1.1806520232629247
2017-07-12,1.1717517714222685
2017-07-13,1.171946573523553
2017-07-14,1.1724492252618754
2017-07-17,1.1543382997121792
2017-07-18,1.1525582964822052
2017-07-19,1.1582728801291329
2017-07-20,1.1683394796357116
2017-07-24,1.1765760835980812
2017-07-25,1.1740157554664428
2017-07-26,1.1644274365572067
2017-07-27,1.163095174530201
2017-07-28,1.170943158219403
2017-07-31,1.1733481057219923
2017-08-01,1.174280048872526
2017-08-02,1.1692394963933006
2017-08-03,1.1632130020696483
2017-08-04,1.1564045012808197
2017-08-07,1.1693595132677403
2017-08-08,1.1692041449694799
2017-08-09,1.1837688745059647
2017-08-10,1.1821534826076634
2017-08-11,1.1698276441014848
2017-08-14,1.1829277406533827
2017-08-15,1.1820567764610814
2017-08-16,1.1785273596133998
2017-08-17,1.178551442383901
2017-08-18,1.1781867901957364
2017-08-21,1.182791251751781
2017-08-22,1.1814151446829193
2017-08-23,1.182747931163659
2017-08-24,1.1794534252472841
2017-08-25,1.185221425771019
2017-08-28,1.1903106614397196
2017-08-29,1.1868333006843723
2017-08-30,1.189608518365689
2017-08-31,1.1860868975156074
2017-09-01,1.1863299467704718
2017-09-04,1.1865862499749813
2017-09-05,1.1889604186534641
2017-09-06,1.1864947182404366
2017-09-07,1.1827061528072358
2017-09-08,1.1798608859317652
2017-09-11,1.1804183282097274
2017-09-12,1.1821583925140322
2017-09-13,1.191084734089969
2017-09-14,1.1902711070793488
2017-09-15,1.1948278986923389
2017-09-18,1.2018617393141655
2017-09-19,1.1978366752598353
2017-09-20,1.2050725510776843
2017-09-21,1.2040678862266503
2017-09-22,1.208837820650611
2017-09-25,1.2097982452435536
2017-09-26,1.206215170602294
2017-09-27,1.2093599195279472
2017-09-28,1.2140291971139445
2017-09-29,1.2193529408306303
2017-10-09,1.234606677100764
2017-10-10,1.2430940561491433
2017-10-11,1.2543381560855995
2017-10-12,1.2558963856715657
2017-10-13,1.2589957727095664
2017-10-16,1.2479835412259481
2017-10-17,1.2549931807963237
2017-10-18,1.2663536323183933
2017-10-19,1.2720283600703066
2017-10-20,1.2638365433085341
2017-10-23,1.2715025132129967
2017-10-24,1.2741235743808885
2017-10-25,1.283360146931183
2017-10-26,1.2909206959702728
2017-10-27,1.304637688449068
2017-10-30,1.296584328845252
2017-10-31,1.2918084195675736
2017-11-01,1.2870232155447678
2017-11-02,1.2894761626382796
2017-11-03,1.2896226050514459
2017-11-06,1.3173890023169292
2017-11-07,1.3172935375779555
2017-11-08,1.3103279893318318
2017-11-09,1.3188085547526036
2017-11-10,1.3371620824813952
2017-11-13,1.3369953844829943
2017-11-14,1.3192160737388523
2017-11-15,1.3246107443369084
2017-11-16,1.3395405669478968
2017-11-17,1.3237591192225182
2017-11-20,1.3231405409165327
2017-11-21,1.3420475405532337
2017-11-22,1.3266711051830102
2017-11-23,1.2886158235851914
2017-11-24,1.2886869961202043
2017-11-27,1.2737322839055638
2017-11-28,1.2833010526218096
2017-11-29,1.267333822116263
2017-11-30,1.2631978068829084
2017-12-01,1.262709954011416
2017-12-04,1.2725090872047677
2017-12-05,1.269286352235471
2017-12-06,1.2642974654186343
2017-12-07,1.251973554124962
2017-12-08,1.2659384400377793
2017-12-11,1.2946210010257224
2017-12-12,1.288221938077906
2017-12-13,1.3069021511139842
2017-12-14,1.3053671144232148
2017-12-15,1.2950241556715065
2017-12-18,1.3038879300534532
2017-12-19,1.311602506055429
2017-12-20,1.3177162580517496
2017-12-21,1.323629374792579
2017-12-22,1.322789434121316
2017-12-25,1.32485152445518
2017-12-26,1.3165799144094974
2017-12-27,1.2981292074236008
2017-12-28,1.3152590643406004
2017-12-29,1.3148214333496864
2018-01-02,1.323450213158021
2018-01-03,1.3286309071931666
2018-01-04,1.3436086978892783
2018-01-05,1.347384625416717
2018-01-08,1.349754776903412
2018-01-09,1.3737891054704443
2018-01-10,1.3816512381582529
2018-01-11,1.3753395390303476
2018-01-12,1.3901144944735861
2018-01-15,1.3894165366364901
2018-01-16,1.3912142406565589
2018-01-17,1.3694423361575734
2018-01-18,1.3719277724751981
2018-01-19,1.362910402815551
2018-01-22,1.3989304901135984
2018-01-23,1.399782725911805
2018-01-24,1.390354494597825
2018-01-25,1.3853281687150623
2018-01-26,1.3935849347773044
2018-01-29,1.3618314501391988
2018-01-30,1.3558938873238466
2018-01-31,1.3661716984799384
2018-02-01,1.3495086264734466
2018-02-02,1.346570310447272
2018-02-05,1.3211366045602457
2018-02-06,1.2950076478817198
2018-02-07,1.2687172441029426
2018-02-08,1.2825502177108759
2018-02-09,1.2605618678320485
2018-02-12,1.2879155244886673
2018-02-13,1.296022730758073
2018-02-14,1.3079961261208828
2018-02-22,1.3309568240905274
2018-02-23,1.3264002755828486
2018-02-26,1.335283285933877
2018-02-27,1.3166004409512253
2018-02-28,1.307844075498501
2018-03-01,1.3162818968619074
2018-03-02,1.3160657123496362
2018-03-05,1.31096395634752
2018-03-06,1.319051405059822
2018-03-07,1.3138866792176473
2018-03-08,1.3368737748070472
2018-03-09,1.3437572690776622
2018-03-12,1.3479866169347716
2018-03-13,1.3403263504251695
2018-03-14,1.3379458331370926
2018-03-15,1.350980308840839
2018-03-16,1.3409232795231647
2018-03-19,1.346755453242231
2018-03-20,1.3469951112662206
2018-03-21,1.3374762040616035
2018-03-22,1.3182027168878787
2018-03-23,1.2934633042809822
2018-03-26,1.2950449070841659
2018-03-27,1.3006504999538304
2018-03-28,1.2755612757441877
2018-03-29,1.2924433567165388
2018-03-30,1.2972198318600383
2018-04-02,1.2896505992330767
2018-04-03,1.2902916090912282
2018-04-04,1.3022457567611303
2018-04-09,1.2940368630740766
2018-04-10,1.3069006512929462
2018-04-11,1.3095223546345962
2018-04-12,1.3033728825799564
2018-04-13,1.2922707599927121
2018-04-16,1.2841097136782984
2018-04-17,1.2694996296353351
2018-04-18,1.2675133880247098
2018-04-19,1.2891032768620283
2018-04-20,1.279116493247999
2018-04-23,1.2827024028932306
2018-04-24,1.3028500070109859
2018-04-25,1.308101625851082
2018-04-26,1.2821218300709776
2018-04-27,1.2746798821366105
2018-05-02,1.2831347392875323
2018-05-03,1.293902314117476
2018-05-04,1.291132692376908
2018-05-07,1.3173831844522668
2018-05-08,1.3278405124677979
2018-05-09,1.326829238522561
2018-05-10,1.3380131780844164
2018-05-11,1.327134715020212
2018-05-14,1.340937632256926
2018-05-15,1.3489033128511876
2018-05-16,1.3504947907755984
2018-05-17,1.3364292131172055
2018-05-18,1.343308767105171
2018-05-21,1.3443473628577478
2018-05-22,1.3458256944173554
2018-05-23,1.3330008713416095
2018-05-24,1.3262826043967624
2018-05-25,1.3285530186515078
2018-05-28,1.3489486414073233
2018-05-29,1.3363052385216583
2018-05-30,1.3277179790835427
2018-05-31,1.3621603814086518
2018-06-01,1.343499401463108
2018-06-04,1.3628618770267893
2018-06-05,1.3800219092729584
2018-06-06,1.3798641436460661
2018-06-07,1.369559120245899
2018-06-08,1.365804400279455
2018-06-11,1.3621802732095656
2018-06-12,1.3867601549777615
2018-06-13,1.3733562530632841
2018-06-14,1.3601397235474066
2018-06-15,1.3484276014304857
2018-06-19,1.3080630629818875
2018-06-20,1.3272338661372194
2018-06-21,1.3185557755770734
2018-06-22,1.3225268528482945
2018-06-25,1.321841244165443
2018-06-26,1.3170073723367313
2018-06-27,1.2853072893132051
2018-06-28,1.270190112948935
2018-06-29,1.300917431510328
2018-07-02,1.2804199401009029
2018-07-03,1.268779633347836
2018-07-04,1.250826790487761
2018-07-05,1.2441812680627269
2018-07-06,1.253401634554246
2018-07-09,1.2796914722609856
2018-07-10,1.2806587118324142
2018-07-11,1.2680529632084856
2018-07-12,1.2884639597311651
2018-07-13,1.3001035821547913
2018-07-16,1.2994476818763314
2018-07-17,1.2876870731050505
2018-07-18,1.2806724251076336
2018-07-19,1.2747503644465024
2018-07-20,1.2777229201370923
2018-07-23,1.2640621999218085
2018-07-24,1.2834709613887643
2018-07-25,1.2809136465068622
2018-07-26,1.273160087456769
2018-07-27,1.270594969897132
2018-07-30,1.2565245877148816
2018-07-31,1.2580234546765645
2018-08-01,1.2398326578116805
2018-08-02,1.2176941851696752
2018-08-03,1.1941494368023222
2018-08-06,1.17835268661247
2018-08-07,1.202104652508942
2018-08-08,1.1848257486376816
2018-08-09,1.206809333751435
2018-08-10,1.2127945174208339
2018-08-13,1.2088904356812096
2018-08-14,1.2050015076570593
2018-08-15,1.1816791526333688
2018-08-16,1.1726827877349582
2018-08-17,1.1552842846142115
2018-08-20,1.1588826326348316
2018-08-21,1.1828749404251877
2018-08-22,1.1747471301875794
2018-08-23,1.1764980179683235
2018-08-24,1.1726577640406175
2018-08-27,1.198912255627501
2018-08-28,1.1974734004981598
2018-08-29,1.193096788988295
2018-08-30,1.1847421348462164
2018-08-31,1.1672078056459212
2018-09-03,1.1651941712152558
2018-09-04,1.1727139924394203
2018-09-05,1.1573309108121408
2018-09-06,1.1438548749169972
2018-09-07,1.1504467203898718
2018-09-10,1.142479952466824
2018-09-11,1.14509513949296
2018-09-12,1.1345496771028847
2018-09-13,1.1359766680902454
2018-09-14,1.1394315359872262
2018-09-17,1.1329957985672308
2018-09-18,1.1461085137411604
2018-09-19,1.1608863951985848
2018-09-20,1.1604841954213423
2018-09-21,1.180033514848745
2018-09-25,1.174859678119988
2018-09-26,1.1883902846915362
2018-09-27,1.1872410733190888
2018-09-28,1.1944543876158957
2018-10-08,1.1595028356037922
2018-10-09,1.1629798817229222
2018-10-10,1.1519672980923632
2018-10-11,1.1207082468930387
2018-10-12,1.1322132336410597
2018-10-15,1.1211956490408665
2018-10-16,1.1143659665865697
2018-10-17,1.1130159110898743
2018-10-18,1.0957753727370394
2018-10-19,1.1149387682469425
2018-10-22,1.144214707964427
2018-10-23,1.1082844124982416
2018-10-24,1.0952278417378323
2018-10-25,1.080576463358961
2018-10-26,1.0715097938869729
2018-10-29,1.0265266565087436
2018-10-30,1.0301486586258786
2018-10-31,1.055043679917366
2018-11-01,1.0731770873238764
2018-11-02,1.1234302501934808
2018-11-05,1.115438719937804
2018-11-06,1.105786119685479
2018-11-07,1.104761590012564
2018-11-08,1.0995842645697758
2018-11-09,1.0933528792428526
2018-11-12,1.1165496548439866
2018-11-13,1.1356280286237772
2018-11-14,1.1253658157957176
2018-11-15,1.1401705452685236
2018-11-16,1.1490367535352095
2018-11-19,1.1535825261612629
2018-11-20,1.1226917557403266
2018-11-21,1.1274922376808418
2018-11-22,1.1297901545271603
2018-11-23,1.0952588891830306
2018-11-26,1.0911480296035316
2018-11-27,1.092622510257961
2018-11-28,1.1082537311022276
2018-11-29,1.0869356458895265
2018-11-30,1.098593882332686
2018-12-03,1.1434865640170202
2018-12-04,1.145495734233661
2018-12-05,1.140492768675467
2018-12-06,1.1088571277827857
2018-12-07,1.1036511877911053
2018-12-10,1.0868443828308911
2018-12-11,1.0955968057980543
2018-12-12,1.09743144474289
2018-12-13,1.1198429627950606
2018-12-14,1.0961107012308682
2018-12-17,1.0880016307133697
2018-12-18,1.079589567855065
2018-12-19,1.0619611079023088
2018-12-20,1.0622921173093856
2018-12-21,1.0521864573250697
2018-12-24,1.0629692604534042
2018-12-25,1.058307115093307
2018-12-26,1.0513452678511785
2018-12-27,1.0414828926853792
2018-12-28,1.0464560234141422
2019-01-02,1.0374779588280532
2019-01-03,1.023537624841244
2019-01-04,1.048926687149556
2019-01-07,1.064159465179542
2019-01-08,1.06309954202172
2019-01-09,1.079070366817385
2019-01-10,1.0774902137397488
2019-01-11,1.0875323563243373
2019-01-14,1.0749294128370026
2019-01-15,1.1078695747436016
2019-01-16,1.1083647481433576
2019-01-17,1.0983628381008315
2019-01-18,1.1158341198112545
2019-01-21,1.1257437222019298
2019-01-22,1.1085797926079417
2019-01-23,1.107321846933718
2019-01-24,1.1186979302049105
2019-01-25,1.1209978597175003
2019-01-28,1.1189362885999732
2019-01-29,1.1157861737554118
2019-01-30,1.0995716189556024
2019-01-31,1.1045122307050137
2019-02-01,1.1320756526489992
2019-02-11,1.171674104147913
2019-02-12,1.1833419049456626
2019-02-13,1.208008172087634
2019-02-14,1.2186386233803075
2019-02-15,1.2010083718878939
2019-02-18,1.2451382828423931
2019-02-19,1.2437781695271823
2019-02-20,1.2395337786239158
2019-02-21,1.2346878692496686
2019-02-22,1.2571639751840438
2019-02-25,1.3205828828552104
2019-02-26,1.3082046468382487
2019-02-27,1.3024590381725747
2019-02-28,1.311916664080084
2019-03-01,1.3332104937580254
2019-03-04,1.357757196685131
2019-03-05,1.3874066659280557
2019-03-06,1.3980609160947726
2019-03-07,1.394276520266326
2019-03-08,1.361019881666195
2019-03-11,1.4071603411483184
2019-03-12,1.4204166489567216
2019-03-13,1.3884427543959788
2019-03-14,1.369356133316487
2019-03-15,1.3889339360568487
2019-03-18,1.436978163530835
2019-03-19,1.4353997744991527
2019-03-20,1.4284094408597034
2019-03-21,1.4360924271619615
2019-03-22,1.4444579635803816
2019-03-25,1.4218078517093224
2019-03-26,1.4005279863391729
2019-03-27,1.4214321568205617
2019-03-28,1.4163108676026006
2019-03-29,1.4667586437542022
2019-04-01,1.517090187253377
2019-04-02,1.510639785717851
2019-04-03,1.5182364902338088
2019-04-04,1.5287610251169375
2019-04-08,1.5162683301789905
2019-04-09,1.542744409867585
2019-04-10,1.5583188787493012
2019-04-11,1.5102529218120055
2019-04-12,1.502767029605955
2019-04-15,1.4966407548236944
2019-04-16,1.5338612799544373
2019-04-17,1.5398106328408425
2019-04-18,1.538438743329188
2019-04-19,1.5602806664164768
2019-04-22,1.5314087399262746
2019-04-23,1.5227222453066072
2019-04-24,1.534893868510716
2019-04-25,1.4884420263725096
2019-04-26,1.474209979488306
2019-04-29,1.4645951874563596
2019-04-30,1.4693651000213244
2019-05-06,1.363151794087908
2019-05-07,1.3800231817338684
2019-05-08,1.3723937238123258
2019-05-09,1.3507425192675213
2019-05-10,1.3865588925389203
2019-05-13,1.3820465974383385
2019-05-14,1.3740790007054988
2019-05-15,1.4076157739333262
2019-05-16,1.414103039518181
2019-05-17,1.3910277544048313
2019-05-20,1.3760530711920025
2019-05-21,1.3887245061795925
2019-05-22,1.3843503694394261
2019-05-23,1.3586832569983245
2019-05-24,1.3636958324830293
2019-05-27,1.3710882586196196
2019-05-28,1.3805039830338959
2019-05-29,1.380372707651262
2019-05-30,1.3719673228475602
2019-05-31,1.3664298404548165
2019-06-03,1.365710625470019
2019-06-04,1.3499392721749224
2019-06-05,1.3464029768782741
2019-06-06,1.3350874260764938
2019-06-10,1.3480247815933295
2019-06-11,1.3827636727944073
2019-06-12,1.374142397574127
2019-06-13,1.370773860817605
2019-06-14,1.3645825812268515
2019-06-17,1.3625338368125053
2019-06-18,1.3651536855564812
2019-06-19,1.3789751544051183
2019-06-20,1.4079356600210429
2019-06-21,1.4076785690086335
2019-06-24,1.415280134052078
2019-06-25,1.4106054300654378
2019-06-26,1.414862746745445
2019-06-27,1.427283884578903
2019-06-28,1.4241517895934808
2019-07-01,1.4649139532907094
2019-07-02,1.4700103151103847
2019-07-03,1.4518159426615704
2019-07-04,1.441514240706777
2019-07-05,1.4578733575863718
2019-07-08,1.4360147340294058
2019-07-09,1.4336577512614608
2019-07-10,1.4348168685867346
2019-07-11,1.4341852442217924
2019-07-12,1.4405133496987386
2019-07-15,1.4369321544823763
2019-07-16,1.425146273155878
2019-07-17,1.419570889816393
2019-07-18,1.4077180276639474
2019-07-19,1.411211018414314
2019-07-22,1.4064309543953744
2019-07-23,1.406040914647311
2019-07-24,1.409279947286434
2019-07-25,1.416274142256769
2019-07-26,1.4183412467280765
2019-07-29,1.4201208716833578
2019-07-30,1.4237033257386413
2019-07-31,1.4143877586141294
2019-08-01,1.401944295492532
2019-08-02,1.3918259047907418
2019-08-05,1.376520296473372
2019-08-06,1.3659467103942038
2019-08-07,1.3627324465612216
2019-08-08,1.3755268412247361
2019-08-09,1.3652358181621056
2019-08-12,1.3844658783099095
2019-08-13,1.3821193003821977
2019-08-14,1.3936319011892317
2019-08-15,1.393737239270477
2019-08-16,1.4024143794473067
2019-08-19,1.419116572077641
2019-08-20,1.4232274555327202
2019-08-21,1.421465599519519
2019-08-22,1.4329059792941115
2019-08-23,1.4439766259956095
2019-08-26,1.4313562918304936
2019-08-27,1.448900449687668
2019-08-28,1.4488274905193825
2019-08-29,1.4496277986113684
2019-08-30,1.461659231123472
2019-09-02,1.4743038491681761
2019-09-03,1.4721940686191008
2019-09-04,1.4718264896005278
2019-09-05,1.474743923632499
2019-09-06,1.4772303578021213
2019-09-09,1.4813268841818328
2019-09-10,1.481824259509171
2019-09-11,1.457849639000378
2019-09-12,1.4698050931984836
2019-09-16,1.4664280249390227
2019-09-17,1.4545432845612254
2019-09-18,1.4731693088322522
2019-09-19,1.4751029921744272
2019-09-20,1.4792408015843082
2019-09-23,1.4676895152221427
2019-09-24,1.4783074080307728
2019-09-25,1.468668199077829
2019-09-26,1.4585001940634794
2019-09-27,1.459414371507105
2019-09-30,1.4512374082873216
2019-10-08,1.4626770244410587
2019-10-09,1.4558279458662966
2019-10-10,1.4657830490460881
2019-10-11,1.472912949417408
2019-10-14,1.4792204206104698
2019-10-15,1.4849759997336525
2019-10-16,1.4774567774519212
2019-10-17,1.476660491439868
2019-10-18,1.4678395758094012
2019-10-21,1.4667038402448016
2019-10-22,1.4751867230199327
2019-10-23,1.464874469621928
2019-10-24,1.4553145362704871
2019-10-25,1.4645025251382926
2019-10-28,1.4737864706382642
2019-10-29,1.4838005138311414
2019-10-30,1.4741706062635884
2019-10-31,1.4837544780414944
2019-11-01,1.5121409373262418
2019-11-04,1.5215688069987148
2019-11-05,1.524619084724867
2019-11-06,1.5183406431445672
2019-11-07,1.5236255179855005
2019-11-08,1.5240097845518068
2019-11-11,1.500654453300742
2019-11-12,1.4974093698277064
2019-11-13,1.5045835519152468
2019-11-14,1.5106142627238042
2019-11-15,1.5034507442883025
2019-11-18,1.506329071278928
2019-11-19,1.5196610673266477
2019-11-20,1.5159955525701139
2019-11-21,1.5063399469356045
2019-11-22,1.4837629215193462
2019-11-25,1.483067425647507
2019-11-26,1.4888462250183419
2019-11-27,1.4824246700179566
2019-11-28,1.4813802540678522
2019-11-29,1.461513317571811
2019-12-02,1.460828132264804
2019-12-03,1.4655213379972003
2019-12-04,1.4732590707006463
2019-12-05,1.4778623368914667
2019-12-06,1.4920818161537501
2019-12-09,1.4871659998451556
2019-12-10,1.4907764759962945
2019-12-11,1.4837444641386397
2019-12-12,1.478982620674251
2019-12-13,1.5001569670258497
2019-12-16,1.4997728216121415
2019-12-17,1.5110344138011784
2019-12-18,1.5079486649844447
2019-12-19,1.506799451451685
2019-12-20,1.5012524377655272
2019-12-23,1.494966262640708
2019-12-24,1.5007778989709641
2019-12-25,1.4953428430627387
2019-12-26,1.5018513358676457
2019-12-27,1.5041909120577
2019-12-30,1.5198221816330437
2019-12-31,1.5262211226395752
2020-01-02,1.5302781404121395
2020-01-03,1.51481773622973
2020-01-06,1.505695395696386
2020-01-07,1.5216763095447003
2020-01-08,1.520077690654213
2020-01-09,1.5391777991413198
2020-01-10,1.5469017643784146
2020-01-13,1.5575982624418514
2020-01-14,1.5497771392461082
2020-01-15,1.550939259127668
2020-01-16,1.5481794083395277
2020-01-17,1.550684218620492
2020-01-20,1.5530774324224743
2020-01-21,1.5376820090511367
2020-01-22,1.5334945913236135
2020-01-23,1.4985381825041724
2020-02-03,1.426950526919684
2020-02-04,1.4557658164678111
2020-02-05,1.4763054018365787
2020-02-06,1.4978107099607838
2020-02-07,1.4947313148453427
2020-02-10,1.4924230203043827
2020-02-11,1.5094510897697784
2020-02-12,1.5146863548086018
2020-02-13,1.5012678474060062
2020-02-14,1.5004206394995905
2020-02-17,1.5144250198495286
2020-02-18,1.509969798922472
2020-02-19,1.5076709505498302
2020-02-20,1.5326842302556056
2020-02-21,1.53155736960525
2020-02-24,1.525646244651675
2020-02-25,1.5207961781296284
2020-02-26,1.5067060008803639
2020-02-27,1.517132053139044
2020-02-28,1.4819841810729446
2020-03-02,1.5079689300791506
2020-03-03,1.5218053469654957
2020-03-04,1.5271177761819918
2020-03-05,1.5659403496145878
2020-03-06,1.5536314083407319
2020-03-09,1.5200356334345502
2020-03-10,1.541921321936319
2020-03-11,1.5324564746456661
2020-03-12,1.5065417579921196
2020-03-13,1.4854587571057483
2020-03-16,1.4461476846452055
2020-03-17,1.4327008091095252
2020-03-18,1.41848112421713
2020-03-19,1.3996462973538308
2020-03-20,1.4243191036132488
2020-03-23,1.3953964845608402
2020-03-24,1.4257466249559019
2020-03-25,1.4550001121297742
2020-03-26,1.4562701469889767
2020-03-27,1.4618077306224468
2020-03-30,1.4489812908115132
2020-03-31,1.4674026560567652
2020-04-01,1.4587642816095179
2020-04-02,1.4729620657653653
2020-04-03,1.4740085074913662
2020-04-07,1.5002495818408415
2020-04-08,1.4944385304201275
2020-04-09,1.5050443189842775
2020-04-10,1.5062023792226475
2020-04-13,1.5124123983575821
2020-04-14,1.5281706140412847
2020-04-15,1.5205623637129957
2020-04-16,1.5209843511654741
2020-04-17,1.524460492546849
2020-04-20,1.53434816469141
2020-04-21,1.5199901124718591
2020-04-22,1.5427208340446104
2020-04-23,1.5491186339427774
2020-04-24,1.5406523183665057
2020-04-27,1.5450012026555755
2020-04-28,1.5547911160660082
2020-04-29,1.5439507005370066
2020-04-30,1.5439028623209943
2020-05-06,1.5594519451338413
2020-05-07,1.5640171717345883
2020-05-08,1.5822769935094825
2020-05-11,1.5829624631326988
2020-05-12,1.5958490056806474
2020-05-13,1.6062631265996308
2020-05-14,1.6005302842380982
2020-05-15,1.5921753915048429
2020-05-18,1.6089452758616023
2020-05-19,1.6171702339765899
2020-05-20,1.6100491814274278
2020-05-21,1.6128245175310167
2020-05-22,1.5820727221634279
2020-05-25,1.596109532506031
2020-05-26,1.6134906887353453
2020-05-27,1.6054867303853813
2020-05-28,1.6033483025732336
2020-05-29,1.6201568636901729
2020-06-01,1.64883532930694
2020-06-02,1.637094637734475
2020-06-03,1.6330366740083695
2020-06-04,1.6462109733432908
2020-06-05,1.6527232316307285
2020-06-08,1.6573465343845677
2020-06-09,1.6680374232996205
2020-06-10,1.669365018156225
2020-06-11,1.6509672665915587
2020-06-12,1.6593950664620447
2020-06-15,1.6430799120154902
2020-06-16,1.6614925572834929
2020-06-17,1.6643400177731518
2020-06-18,1.6617647214642037
2020-06-19,1.6879943428493547
2020-06-22,1.6807656604016263
2020-06-23,1.6969689719458292
2020-06-24,1.697552531985749
2020-06-29,1.6993735506019776
2020-06-30,1.710653946616529
2020-07-01,1.7363256842361716
2020-07-02,1.752140222119793
2020-07-03,1.7509463655942357
2020-07-06,1.7840126408226429
2020-07-07,1.8122029023402875
2020-07-08,1.8162738631808937
2020-07-09,1.838259510639982
2020-07-10,1.8396705415506294
2020-07-13,1.8812621417270656
2020-07-14,1.8725480376703
2020-07-15,1.8848991272216076
2020-07-16,1.7916689533613486
2020-07-17,1.8163955426351603
2020-07-20,1.8244651961299443
2020-07-21,1.847719366680428
2020-07-22,1.8630294657433248
2020-07-23,1.8781939281793982
2020-07-24,1.8096080384488824
2020-07-27,1.8226558463828983
2020-07-28,1.8481498950553474
2020-07-29,1.8826576340816445
2020-07-30,1.8819945911634242
2020-07-31,1.8901898838537454
2020-08-03,1.9073281080989157
2020-08-04,1.901455796930176
2020-08-05,1.9095178372432755
2020-08-06,1.8850149220335268
2020-08-07,1.876374079879412
2020-08-10,1.882578061419894
2020-08-11,1.8769053649399565
2020-08-12,1.8526284192811129
2020-08-13,1.852112623177607
2020-08-14,1.8764613032400128
2020-08-17,1.8983387623660501
2020-08-18,1.9100632746858484
2020-08-19,1.895828540278824
2020-08-20,1.8748086760962894
2020-08-21,1.8926868710469062
2020-08-24,1.905538247520692
2020-08-25,1.9213785206444256
2020-08-26,1.9136284442626
2020-08-27,1.9252113458865818
2020-08-28,1.964878554571094
2020-08-31,1.9700060696948396
2020-09-01,1.9718798453728228
2020-09-02,1.971536942319728
2020-09-03,1.9658294290974734
2020-09-04,1.936892673384596
2020-09-07,1.9009745249918413
2020-09-08,1.8941829844884217
2020-09-09,1.8549491173297468
2020-09-10,1.860199698466549
2020-09-11,1.8801948689775394
2020-09-14,1.8927342192091257
2020-09-15,1.9068032237449923
2020-09-16,1.8846302637828594
2020-09-17,1.867270106746077
2020-09-18,1.886259165966953
2020-09-21,1.8736010900583124
2020-09-22,1.8674744798574057
2020-09-23,1.875555315021042
2020-09-24,1.8524077260764715
2020-09-25,1.8523816348628155
2020-09-28,1.8521741145995005
2020-09-29,1.8599361451862095
2020-09-30,1.86745824841738
2020-10-09,1.8977005565202094
2020-10-12,1.9408714914445275
2020-10-13,1.9501734831138338
2020-10-14,1.9474160054927432
2020-10-15,1.9439524392740903
2020-10-16,1.9349651064053364
2020-10-19,1.9173204175024954
2020-10-20,1.944274535544269
2020-10-21,1.9474116010928275
2020-10-22,1.9501379132539454
2020-10-23,1.9146947556812282
2020-10-26,1.9073951791560313
2020-10-27,1.9099234705495731
2020-10-28,1.934442562795767
2020-10-29,1.9671799318098708
2020-10-30,1.93105747257567
2020-11-02,1.9494246030238145
2020-11-03,1.96234050961287
2020-11-04,1.9815766372716783
2020-11-05,1.9994384176709064
2020-11-06,2.002262522233291
2020-11-09,2.026743309890751
2020-11-10,2.020433042831252
2020-11-11,2.006458936266176
2020-11-12,2.021051820299441
2020-11-13,2.0020336697599075
2020-11-16,2.019676447394644
2020-11-17,2.010328202043717
2020-11-18,1.993052065582508
2020-11-19,2.018338109096348
2020-11-20,2.024036796261953
2020-11-23,2.0412755177743787
2020-11-24,2.021775121514577
2020-11-25,1.987945066109811
2020-11-26,1.9801866112538296
2020-11-27,1.9879897371730655
2020-11-30,1.9675789633451872
2020-12-01,1.9907319077593078
2020-12-02,2.001749321027413
2020-12-03,2.0106082304205346
2020-12-04,2.03607334791963
2020-12-07,2.036343259273799
2020-12-08,2.0398792793075584
2020-12-09,2.016762622532428
2020-12-10,2.0231389838490106
2020-12-11,2.016380163755135
2020-12-14,2.0356140787281043
2020-12-15,2.0375148673130448
2020-12-16,2.0570763174519295
2020-12-17,2.079950505854607
2020-12-18,2.068364643979044
2020-12-21,2.0776948508659285
2020-12-22,2.0828549713938735
2020-12-23,2.082468311124823
2020-12-24,2.0667260463996726
2020-12-25,2.0711053061560767
2020-12-28,2.1002985960430185
2020-12-29,2.0881193469458763
2020-12-30,2.1179151644673175
2020-12-31,2.146991504478513
2021-01-04,2.17540734412756
2021-01-05,2.2359064383076994
2021-01-06,2.244652173411995
2021-01-07,2.2648419260094315
2021-01-08,2.2365985206715413
2021-01-11,2.1992033613830637
2021-01-12,2.2449207705165706
2021-01-13,2.2334826516020403
2021-01-14,2.194152412639704
2021-01-15,2.1728733782047325
2021-01-18,2.1724247037287094
2021-01-19,2.1378222641943188
2021-01-20,2.1529532456619322
2021-01-21,2.189576365478929
2021-01-22,2.196649517439669
2021-01-25,2.244423955945443
2021-01-26,2.2006514493092975
2021-01-27,2.1774658214781457
2021-01-28,2.1413823983710696
2021-01-29,2.146811615291356
2021-02-01,2.155858889431269
2021-02-02,2.1989604085481815
2021-02-03,2.196601780649342
2021-02-04,2.2081003338700294
2021-02-05,2.221254401814693
2021-02-08,2.2361329047845246
2021-02-09,2.281760144312571
2021-02-10,2.3408397913332903
2021-02-18,2.271296039216744
2021-02-19,2.281603794822461
2021-02-22,2.178683759689044
2021-02-23,2.176667311545738
2021-02-24,2.130219885601141
2021-02-25,2.1178849653751
2021-02-26,2.0894871352017965
2021-03-01,2.110189914685539
2021-03-02,2.079191137178818
2021-03-03,2.1020056722483367
2021-03-04,2.036188254400683
2021-03-05,2.0431750907113506
2021-03-08,1.9717035791141189
2021-03-09,1.9404912389936415
2021-03-10,1.966519374624421
2021-03-11,2.005329102818328
2021-03-12,2.0023360668994963
2021-03-15,1.953583641312108
2021-03-16,1.9809335203913359
2021-03-17,2.0017179636684514
2021-03-18,2.030102426610005
2021-03-19,1.9943936200161085
2021-03-22,1.9955233230608316
2021-03-23,1.9929227968049883
2021-03-24,1.9881056429595931
2021-03-25,1.9821303671518367
2021-03-26,2.018426052996011
2021-03-29,2.0302818891761336
2021-03-30,2.0409951618973006
2021-03-31,2.029242498721598
2021-04-01,2.058372922402351
2021-04-02,2.0976664333122184
2021-04-06,2.079871162729175
2021-04-07,2.0501856597471044
2021-04-08,2.066188490386401
2021-04-09,2.038122456692795
2021-04-12,2.017172876870439
2021-04-13,2.021536497168077
2021-04-14,2.037652650084272
2021-04-15,2.0272547542037125
2021-04-16,2.041804412614337
2021-04-19,2.0662294994756154
2021-04-20,2.0701343858991024
2021-04-21,2.079519087612691
2021-04-22,2.076813434940553
2021-04-23,2.1051567371252893
2021-04-26,2.0766883501818914
2021-04-27,2.091760011937936
2021-04-28,2.102013438218996
2021-04-29,2.1130384170387195
2021-04-30,2.1029547581366446
2021-05-06,2.0658031427494468
2021-05-07,2.0293459202916337
2021-05-10,2.0254836857233993
2021-05-11,2.06060499727357
2021-05-12,2.07168741652387
2021-05-13,2.064557192828444
2021-05-14,2.092251684184776
2021-05-17,2.122755500990128
2021-05-18,2.120369666113712
2021-05-19,2.1119549183942943
2021-05-20,2.134444114630651
2021-05-21,2.124335232453345
2021-05-24,2.1415500367476556
2021-05-25,2.189662962635742
2021-05-26,2.19270052903426
2021-05-27,2.2020707655441654
2021-05-28,2.1854087066595103
2021-05-31,2.186429464721443
2021-06-01,2.196714392617368
2021-06-02,2.1771894799615175
2021-06-03,2.1754131197078017
2021-06-04,2.1892979406954787
2021-06-07,2.1928984943764376
2021-06-08,2.14568858523578
2021-06-09,2.1461716079815174
2021-06-10,2.1570925860982677
2021-06-11,2.1303382844856777
2021-06-15,2.1226240282248074
2021-06-16,2.1068434165510728
2021-06-17,2.112396372766085
2021-06-18,2.098383874030877
2021-06-21,2.0906951183196054
2021-06-22,2.097585253526396
2021-06-23,2.0872120706109376
2021-06-24,2.0865969135948697
2021-06-25,2.1086526155504703
2021-06-28,2.123204739745973
2021-06-29,2.0977974336426204
2021-06-30,2.1035828814541073
2021-07-01,2.123312811358575
2021-07-02,2.070765334065514
2021-07-05,2.0533245364780517
2021-07-06,2.041353136580181
2021-07-07,2.058922940450894
2021-07-08,2.030838654072482
2021-07-09,2.013399579119198
2021-07-12,2.027643390209551
2021-07-13,2.0554402746593863
2021-07-14,2.0559864813953954
2021-07-15,2.070384937099518
2021-07-16,2.0480500376607034
2021-07-19,2.0612591689261044
2021-07-20,2.0618160031718875
2021-07-21,2.058072262086532
2021-07-22,2.037714859639688
2021-07-23,2.0012031223968396
2021-07-26,1.9316895582839517
2021-07-27,1.874627569684166
2021-07-28,1.8954800575998296
2021-07-29,1.8960023259481864
2021-07-30,1.8646467223780103
2021-08-02,1.9140856523652843
2021-08-03,1.9448356379018636
2021-08-04,1.9287379459862368
2021-08-05,1.9169192978633989
2021-08-09,1.931012488583688
2021-08-10,1.9774918195649436
2021-08-11,1.9555793910400086
2021-08-12,1.9283001270832316
2021-08-13,1.9341678552097257
2021-08-16,1.949015131651638
2021-08-17,1.8987643784199972
2021-08-18,1.9008406375314353
2021-08-19,1.8864883562086445
2021-08-20,1.8339251854652585
2021-08-23,1.8412253091939634
2021-08-24,1.8626388395012288
2021-08-25,1.8779535333509358
2021-08-26,1.8373381814827783
2021-08-27,1.8364359200042344
2021-08-30,1.826767956484308
2021-08-31,1.8111507874835908
2021-09-01,1.8471684503966088
2021-09-02,1.8289833951312229
2021-09-03,1.8422840585951916
2021-09-06,1.8763963229626346
2021-09-07,1.881927080375321
2021-09-08,1.8673608481578252
2021-09-09,1.8632957925792222
2021-09-10,1.873264036047652
2021-09-13,1.8585852417382571
2021-09-14,1.8482432170921876
2021-09-15,1.8203591354061612
2021-09-16,1.8195852915518338
2021-09-17,1.8534186132318649
2021-09-22,1.8266910994508592
2021-09-23,1.8340748900309127
2021-09-24,1.8593219663716933
2021-09-27,1.9109912850342239
2021-09-28,1.9030217813383905
2021-09-29,1.8984706866993677
2021-09-30,1.906782546821935
2021-10-11,1.931003442593485
2021-10-12,1.9306477007547853
2021-10-13,1.960764846380104
2021-10-14,1.9485530944549367
2021-10-15,1.942979543384831
2021-10-18,1.8886322377631954
2021-10-19,1.9062583388578176
2021-10-20,1.9026528195295014
2021-10-21,1.9102931602265016
2021-10-25,1.9291388642533955
2021-10-26,1.919227989207377
2021-10-27,1.8839752899039073
2021-10-28,1.8895678666425306
2021-10-29,1.9084493812382857
2021-11-01,1.9033454920915656
2021-11-02,1.8939561072472824
2021-11-03,1.8829569824297248
2021-11-04,1.9138705650894219
2021-11-05,1.9150951384558301
2021-11-08,1.9044757400692705
2021-11-09,1.8960173461227527
2021-11-10,1.8830487366942377
2021-11-11,1.8981253656147772
2021-11-12,1.8934719068445283
2021-11-15,1.906779907169812
2021-11-16,1.931974212004935
2021-11-17,1.9249164829620573
2021-11-18,1.909423129142282
2021-11-19,1.9220109642157106
2021-11-22,1.9268993419223626
2021-11-23,1.9315365126046722
2021-11-24,1.9500396157213795
2021-11-25,1.948827135976887
2021-11-26,1.9411760720355304
2021-11-29,1.9458890830069628
2021-11-30,1.929453459608636
2021-12-01,1.9339426536038646
2021-12-02,1.9327691494573975
2021-12-03,1.9531496172807792
2021-12-06,1.9502119330624468
2021-12-07,1.9622038018432497
2021-12-08,1.9939041793492378
2021-12-09,2.02273993504456
2021-12-10,2.0197251633606825
2021-12-13,2.0269682739083885
2021-12-14,2.0266647325106746
2021-12-15,2.00512349113811
2021-12-16,1.999773060680287
2021-12-17,1.9694914753158157
2021-12-20,1.9689009804651787
2021-12-21,1.974307613793096
2021-12-22,1.9785299719777567
2021-12-23,1.9925419480888342
2021-12-24,2.0071952351011006
2021-12-27,2.007713055696312
2021-12-28,2.0215375897227776
2021-12-29,1.977888978379184
2021-12-30,1.9894219044265213
2021-12-31,1.9865611386444533
2022-01-04,1.986936797598962
2022-01-05,1.9821297249713654
2022-01-06,1.966541446460599
2022-01-07,1.9606487722831973
2022-01-10,1.9653027330274802
2022-01-11,1.945340442028561
2022-01-12,1.9563435814951196
2022-01-13,1.9157131156961842
2022-01-14,1.9083957584517797
2022-01-17,1.9149683987344872
2022-01-18,1.9218999553900433
2022-01-19,1.919453037306472
2022-01-20,1.9369542743300239
2022-01-21,1.9309684533625022
2022-01-24,1.9172580105149746
2022-01-25,1.8878183633366934
2022-01-26,1.8889223550501606
2022-01-27,1.8640371551089703
2022-01-28,1.843147430290112
2022-02-07,1.8483487854638083
2022-02-08,1.8350808916292545
2022-02-09,1.8676742271922036
2022-02-10,1.8530903863568826
2022-02-11,1.8430758891297148
2022-02-14,1.8481922787694303
2022-02-15,1.8628801699334525
2022-02-16,1.8709319148879902
2022-02-17,1.8625898938702066
2022-02-18,1.872194193695392
2022-02-21,1.8728572597214
2022-02-22,1.8398609850595817
2022-02-23,1.8529449453406508
2022-02-24,1.8143103137095453
2022-02-25,1.8322599711128422
2022-02-28,1.8285323400140712
2022-03-01,1.8519543510462089
2022-03-02,1.8397195782453108
2022-03-04,1.8060737369131041
2022-03-07,1.7553216310640372
2022-03-08,1.7335244098567006
2022-03-09,1.723556558979614
2022-03-10,1.7524493840680742
2022-03-11,1.7611769555197303
2022-03-14,1.719223648570387
2022-03-15,1.6588502083046786
2022-03-16,1.6966794224261446
2022-03-17,1.728521030840497
2022-03-18,1.7308733914446846
2022-03-21,1.7332912854587659
2022-03-22,1.7241472194639087
2022-03-24,1.726249172128856
2022-03-25,1.7002154029312104
2022-03-28,1.6828866049669067
2022-03-29,1.6761012388750085
2022-03-30,1.7152843564029188
2022-04-01,1.7294591973800737
2022-04-06,1.7247175359426168
2022-04-07,1.7247175359426168
2022-04-08,1.7247175359426168
2022-04-11,1.7247175359426168
2022-04-12,1.7247175359426168
2022-04-13,1.7247175359426168
2022-04-15,1.7247175359426168
2022-04-18,1.7247175359426168
2022-04-19,1.7247175359426168
2022-04-20,1.7247175359426168
2022-04-21,1.7247175359426168
2022-04-22,1.7247175359426168
2022-04-25,1.7247175359426168
2022-04-26,1.7247175359426168
2022-04-27,1.7247175359426168
2022-04-28,1.7247175359426168
2022-04-29,1.7247175359426168
2022-05-06,1.7247175359426168
2022-05-10,1.7247175359426168
2022-05-11,1.7247175359426168
2022-05-12,1.7247175359426168
2022-05-13,1.7247175359426168
2022-05-16,1.7247175359426168
2022-05-17,1.7247175359426168
2022-05-18,1.7247175359426168
2022-05-19,1.7247175359426168
2022-05-20,1.7247175359426168
2022-05-23,1.7247175359426168
2022-05-24,1.7247175359426168
2022-05-25,1.7247175359426168
2022-05-26,1.7247175359426168
2022-05-27,1.7247175359426168
2022-05-30,1.7247175359426168
2022-05-31,1.7247175359426168
2022-06-01,1.7247175359426168
2022-06-02,1.7247175359426168
2022-06-06,1.7247175359426168
2022-06-07,1.7247175359426168
2022-06-08,1.7247175359426168
2022-06-09,1.7247175359426168
2022-06-10,1.7247175359426168
2022-06-13,1.7247175359426168
2022-06-14,1.7247175359426168
2022-06-15,1.7247175359426168
2022-06-16,1.7247175359426168
2022-06-17,1.7247175359426168
2022-06-20,1.7247175359426168
2022-06-21,1.7247175359426168
2022-06-22,1.7247175359426168
2022-06-23,1.7247175359426168
2022-06-24,1.7247175359426168
2022-06-27,1.7247175359426168
2022-06-28,1.7247175359426168
2022-06-29,1.7247175359426168
2022-06-30,1.7247175359426168
2022-07-01,1.7247175359426168
2022-07-04,1.7247175359426168
2022-07-05,1.7247175359426168
2022-07-06,1.7247175359426168
2022-07-07,1.7247175359426168
2022-07-08,1.7247175359426168
2022-07-11,1.7247175359426168
2022-07-12,1.7247175359426168
2022-07-13,1.7247175359426168
2022-07-14,1.7247175359426168
2022-07-15,1.7247175359426168
2022-07-18,1.7247175359426168
2022-07-19,1.7247175359426168
2022-07-20,1.7247175359426168
2022-07-21,1.7247175359426168
2022-07-22,1.7247175359426168
2022-07-25,1.7247175359426168
2022-07-26,1.7247175359426168
2022-07-27,1.7247175359426168
2022-07-28,1.7247175359426168
2022-07-29,1.7247175359426168
2022-08-01,1.7247175359426168
2022-08-02,1.7247175359426168
2022-08-03,1.7247175359426168
2022-08-04,1.7247175359426168
2022-08-05,1.7247175359426168
2022-08-08,1.7247175359426168
2022-08-09,1.7247175359426168
2022-08-10,1.7247175359426168
2022-08-11,1.7247175359426168
2022-08-12,1.7247175359426168
2022-08-15,1.7247175359426168
2022-08-16,1.7247175359426168
2022-08-17,1.7247175359426168
2022-08-18,1.7247175359426168
2022-08-19,1.7247175359426168
2022-08-22,1.7247175359426168
2022-08-23,1.7247175359426168
2022-08-24,1.7247175359426168
2022-08-25,1.7247175359426168
2022-08-26,1.7247175359426168
2022-08-29,1.7247175359426168
2022-08-30,1.7247175359426168
2022-08-31,1.7247175359426168
2022-09-01,1.7247175359426168
2022-09-02,1.7247175359426168
2022-09-05,1.7247175359426168
2022-09-06,1.7247175359426168
2022-09-07,1.7247175359426168
2022-09-08,1.7247175359426168
2022-09-09,1.7247175359426168
2022-09-13,1.7247175359426168
2022-09-14,1.7247175359426168
2022-09-15,1.7247175359426168
2022-09-16,1.7247175359426168
2022-09-19,1.7247175359426168
2022-09-20,1.7247175359426168
2022-09-21,1.7247175359426168
2022-09-22,1.7247175359426168
2022-09-23,1.7247175359426168
2022-09-26,1.7247175359426168
2022-09-27,1.7247175359426168
2022-09-28,1.7247175359426168
2022-09-29,1.7247175359426168
2022-09-30,1.7247175359426168
2022-10-10,1.7247175359426168
2022-10-11,1.7247175359426168
2022-10-12,1.7247175359426168
2022-10-13,1.7247175359426168
2022-10-14,1.7247175359426168
2022-10-17,1.7247175359426168
2022-10-18,1.7247175359426168
2022-10-19,1.7247175359426168
2022-10-20,1.7247175359426168
2022-10-21,1.7247175359426168
2022-10-24,1.7247175359426168
2022-10-25,1.7247175359426168
2022-10-26,1.7247175359426168
2022-10-27,1.7247175359426168
2022-10-28,1.7247175359426168
2022-10-31,1.7247175359426168
2022-11-01,1.7247175359426168
2022-11-02,1.7247175359426168
2022-11-03,1.7247175359426168
2022-11-04,1.7247175359426168
2022-11-07,1.7247175359426168
2022-11-08,1.7247175359426168
2022-11-09,1.7247175359426168
2022-11-10,1.7247175359426168
2022-11-11,1.7247175359426168
2022-11-14,1.7247175359426168
2022-11-15,1.7247175359426168
2022-11-16,1.7247175359426168
2022-11-17,1.7247175359426168
2022-11-18,1.7247175359426168
2022-11-21,1.7247175359426168
2022-11-22,1.7247175359426168
2022-11-23,1.7247175359426168
2022-11-24,1.7247175359426168
2022-11-25,1.7247175359426168
2022-11-28,1.7247175359426168
2022-11-29,1.7247175359426168
2022-11-30,1.7247175359426168
2022-12-01,1.7247175359426168
2022-12-02,1.7247175359426168
2022-12-05,1.7247175359426168
2022-12-06,1.7247175359426168
2022-12-07,1.7247175359426168
2022-12-08,1.7247175359426168
2022-12-09,1.7247175359426168
2022-12-12,1.7247175359426168
2022-12-13,1.7247175359426168
2022-12-14,1.7247175359426168
2022-12-15,1.7247175359426168
2022-12-16,1.7247175359426168
2022-12-19,1.7247175359426168
2022-12-20,1.7247175359426168
2022-12-21,1.7247175359426168
2022-12-22,1.7247175359426168
2022-12-23,1.7247175359426168
2022-12-26,1.7247175359426168
2022-12-27,1.7247175359426168
2022-12-28,1.7247175359426168
2022-12-29,1.7247175359426168
2022-12-30,1.7247175359426168
2023-01-03,1.7247175359426168
2023-01-04,1.7247175359426168
2023-01-05,1.7247175359426168
2023-01-06,1.7247175359426168
2023-01-09,1.7247175359426168
2023-01-10,1.7247175359426168
2023-01-11,1.7247175359426168
2023-01-12,1.7247175359426168
2023-01-13,1.7247175359426168
2023-01-16,1.7247175359426168
2023-01-17,1.7247175359426168
2023-01-18,1.7247175359426168
2023-01-19,1.7247175359426168
2023-01-20,1.7247175359426168
2023-01-30,1.7247175359426168
2023-01-31,1.7247175359426168
2023-02-01,1.7247175359426168
2023-02-02,1.7247175359426168
2023-02-03,1.7247175359426168
2023-02-06,1.7247175359426168
2023-02-07,1.7247175359426168
2023-02-08,1.7247175359426168
2023-02-09,1.7247175359426168
2023-02-10,1.7247175359426168
2023-02-13,1.7247175359426168
2023-02-14,1.7247175359426168
2023-02-15,1.7247175359426168
2023-02-16,1.7247175359426168
2023-02-17,1.7247175359426168
2023-02-20,1.7247175359426168
2023-02-21,1.7247175359426168
2023-02-22,1.7247175359426168
2023-02-23,1.7247175359426168
2023-02-24,1.7247175359426168
2023-02-27,1.7247175359426168
2023-02-28,1.7247175359426168
2023-03-01,1.7247175359426168
2023-03-02,1.7247175359426168
2023-03-03,1.7247175359426168
2023-03-06,1.7247175359426168
2023-03-07,1.7247175359426168
2023-03-08,1.7247175359426168
2023-03-09,1.7247175359426168
2023-03-10,1.7247175359426168
2023-03-13,1.7247175359426168
2023-03-14,1.7247175359426168
2023-03-15,1.7247175359426168
2023-03-16,1.7247175359426168
2023-03-17,1.7247175359426168
2023-03-20,1.7247175359426168
2023-03-21,1.7247175359426168
2023-03-22,1.7247175359426168
2023-03-23,1.7247175359426168
2023-03-24,1.7247175359426168
2023-03-27,1.7247175359426168
2023-03-28,1.7247175359426168
2023-03-29,1.7247175359426168
2023-03-30,1.7247175359426168
2023-03-31,1.7247175359426168
2023-04-03,1.7247175359426168
2023-04-04,1.7247175359426168
2023-04-06,1.7247175359426168
2023-04-07,1.7247175359426168
2023-04-10,1.7247175359426168
2023-04-11,1.7247175359426168
2023-04-12,1.7247175359426168
2023-04-13,1.7247175359426168
2023-04-14,1.7247175359426168
2023-04-17,1.7247175359426168
2023-04-18,1.7247175359426168
2023-04-19,1.7247175359426168
2023-04-20,1.7247175359426168
2023-04-21,1.7247175359426168
2023-04-24,1.7247175359426168
2023-04-25,1.7247175359426168
2023-04-26,1.7247175359426168
2023-04-27,1.7247175359426168
2023-04-28,1.7247175359426168
2023-05-04,1.7247175359426168
2023-05-05,1.7247175359426168
2023-05-08,1.7247175359426168
2023-05-09,1.7247175359426168
2023-05-10,1.7247175359426168
2023-05-11,1.7247175359426168
2023-05-12,1.7247175359426168
2023-05-15,1.7247175359426168
2023-05-16,1.7247175359426168
2023-05-17,1.7247175359426168
2023-05-18,1.7247175359426168
2023-05-19,1.7247175359426168
2023-05-22,1.7247175359426168
2023-05-23,1.7247175359426168
2023-05-24,1.7247175359426168
2023-05-25,1.7247175359426168
2023-05-26,1.7247175359426168
2023-05-29,1.7247175359426168
2023-05-30,1.7247175359426168
2023-05-31,1.7247175359426168
2023-06-01,1.7247175359426168
2023-06-02,1.7247175359426168
2023-06-05,1.7247175359426168
2023-06-06,1.7247175359426168
2023-06-07,1.7247175359426168
2023-06-08,1.7247175359426168
2023-06-09,1.7247175359426168
2023-06-12,1.7247175359426168
2023-06-13,1.7247175359426168
2023-06-14,1.7247175359426168
2023-06-15,1.7247175359426168
2023-06-16,1.7247175359426168
2023-06-19,1.7247175359426168
2023-06-20,1.7247175359426168
2023-06-21,1.7247175359426168
2023-06-26,1.7247175359426168
2023-06-27,1.7247175359426168
2023-06-28,1.7247175359426168
2023-06-29,1.7247175359426168
2023-06-30,1.7247175359426168
2023-07-03,1.7247175359426168
2023-07-04,1.7247175359426168
2023-07-05,1.7247175359426168
2023-07-06,1.7247175359426168
2023-07-07,1.7247175359426168
2023-07-10,1.7247175359426168
2023-07-11,1.7247175359426168
2023-07-12,1.7247175359426168
2023-07-13,1.7247175359426168
2023-07-14,1.7247175359426168
2023-07-17,1.7247175359426168
2023-07-18,1.7247175359426168
2023-07-19,1.7247175359426168
2023-07-20,1.7247175359426168
2023-07-21,1.7247175359426168
2023-07-24,1.7247175359426168
2023-07-25,1.7247175359426168
2023-07-26,1.7247175359426168
2023-07-27,1.7247175359426168
2023-07-28,1.7247175359426168
2023-07-31,1.7247175359426168
2023-08-01,1.7247175359426168
2023-08-02,1.7247175359426168
2023-08-03,1.7247175359426168
2023-08-04,1.7247175359426168
2023-08-07,1.7247175359426168
2023-08-08,1.7247175359426168
2023-08-09,1.7247175359426168
2023-08-10,1.7247175359426168
2023-08-11,1.7247175359426168
2023-08-14,1.7247175359426168
2023-08-15,1.7247175359426168
2023-08-16,1.7247175359426168
2023-08-17,1.7247175359426168
2023-08-18,1.7247175359426168
2023-08-21,1.7247175359426168
2023-08-22,1.7247175359426168
2023-08-23,1.7247175359426168
2023-08-24,1.7247175359426168
2023-08-25,1.7247175359426168
2023-08-28,1.7247175359426168
2023-08-29,1.7247175359426168
2023-08-30,1.7247175359426168
2023-08-31,1.7247175359426168
2023-09-01,1.7247175359426168
2023-09-04,1.7247175359426168
2023-09-05,1.7247175359426168
2023-09-06,1.7247175359426168
2023-09-07,1.7247175359426168
2023-09-11,1.7247175359426168
2023-09-12,1.7247175359426168
2023-09-13,1.7247175359426168
2023-09-14,1.7247175359426168
2023-09-15,1.7247175359426168
2023-09-18,1.7247175359426168
2023-09-19,1.7247175359426168
2023-09-20,1.7247175359426168
2023-09-21,1.7247175359426168
2023-09-22,1.7247175359426168
2023-09-25,1.7247175359426168
2023-09-26,1.7247175359426168
2023-09-27,1.7247175359426168
2023-09-28,1.7247175359426168
2023-10-09,1.7247175359426168
2023-10-10,1.7247175359426168
2023-10-11,1.7247175359426168
2023-10-12,1.7247175359426168
2023-10-13,1.722296432985465
2023-10-16,1.7142204280083972
2023-10-17,1.7154176595793367
2023-10-18,1.7057669126192192
2023-10-19,1.6996642482657789
2023-10-20,1.6834347427884868
2023-10-23,1.6722985575330607
2023-10-24,1.675607081812764
2023-10-25,1.6801114565982993
2023-10-26,1.684079728506859
2023-10-27,1.6859262037395952
2023-10-30,1.6994726490856944
2023-10-31,1.693698633584932
2023-11-01,1.6895169642101133
2023-11-02,1.6824163059281292
2023-11-03,1.6951777124655505
2023-11-06,1.7106541819379109
2023-11-07,1.718781442543332
2023-11-08,1.720893878063882
2023-11-09,1.7182669926419896
2023-11-10,1.7148595805200593
2023-11-13,1.7244826035256282
2023-11-14,1.7317666924562778
2023-11-15,1.7326303533201706
2023-11-16,1.7262077391332793
2023-11-17,1.7302641118488031
2023-11-20,1.7326447576110098
2023-11-21,1.724971966621813
2023-11-22,1.7155675752090127
2023-11-23,1.7207057958002587
2023-11-24,1.7076940240675877
2023-11-27,1.711239015195201
2023-11-28,1.7111051797639925
2023-11-29,1.7079394428703343
2023-11-30,1.7047246527061484
2023-12-01,1.7155806368830604
2023-12-04,1.7151576670077082
2023-12-05,1.6979990190975385
2023-12-06,1.697402898208852
2023-12-07,1.7011527191415534
2023-12-08,1.7128380280737934
2023-12-11,1.7209431144802199
2023-12-12,1.7205655733241385
2023-12-13,1.7125451625218802
2023-12-14,1.7091163822389155
2023-12-15,1.7034350254224653
2023-12-18,1.6954376566211695
2023-12-19,1.6993318145284355
2023-12-20,1.687197692005393
2023-12-21,1.6912043179909273
2023-12-22,1.680912709896285
2023-12-25,1.6810927641186246
2023-12-26,1.6696861269236476
2023-12-27,1.6767067929446373
2023-12-28,1.687951598819195
2023-12-29,1.6987529803567674
2024-01-02,1.6891440271087326
2024-01-03,1.6800551325869566
2024-01-04,1.6751829090985293
2024-01-05,1.6636698791697373
2024-01-08,1.650307646842715
2024-01-09,1.6487748966102536
2024-01-10,1.6397899759197052
2024-01-11,1.6517273908300327
2024-01-12,1.6425021034346483
2024-01-15,1.6422920626400557
2024-01-16,1.64085709756597
2024-01-17,1.6284557649404114
2024-01-18,1.6369373386584758
2024-01-19,1.6309447771389345
2024-01-22,1.6095315108516906
2024-01-23,1.6173314040884768
2024-01-24,1.6214549321467806
2024-01-25,1.6381108164859985
2024-01-26,1.6291412087776467
2024-01-29,1.6110517697093099
2024-01-30,1.5969277980855199
2024-01-31,1.5781308657051236
2024-02-01,1.5813244475272097
2024-02-02,1.552630475146236
2024-02-05,1.5181051503214071
2024-02-06,1.5607311501101557
2024-02-07,1.57329400212402
2024-02-08,1.608248140072888
2024-02-19,1.633449289553584
2024-02-20,1.6359465402810487
2024-02-21,1.639729602655606
2024-02-22,1.6595633956645146
2024-02-23,1.673391078177627
2024-02-26,1.6826505354618166
2024-02-27,1.714648692425727
2024-02-28,1.6664097961104605
2024-02-29,1.707989057147368
2024-03-01,1.7290938256795407
2024-03-04,1.7370877128549478
2024-03-05,1.7272877350255909
2024-03-06,1.7345063673483663
2024-03-07,1.7208375538734537
2024-03-08,1.735769621781794
2024-03-11,1.7560767521708702
2024-03-12,1.7587664124552087
2024-03-13,1.758274926135453
2024-03-14,1.748025775521673
2024-03-15,1.7537879789092248
2024-03-18,1.7742395036690723
2024-03-19,1.7676205136748706
2024-03-20,1.7710578550394087
2024-03-21,1.768319774212673
2024-03-22,1.7561689692214058
2024-03-25,1.7372698503726776
2024-03-26,1.7385661316405556
2024-03-27,1.7096809880619417
2024-03-28,1.7300284508787591
2024-03-29,1.741436965418013
2024-04-01,1.7593108988572839
2024-04-02,1.752759457958981
2024-04-03,1.7426787107266828
2024-04-08,1.7243197898666964
2024-04-09,1.7323225763610517
2024-04-10,1.717426817326614
2024-04-11,1.7194236212262315
2024-04-12,1.712834413111061
2024-04-15,1.7156221821965194
2024-04-16,1.6807523938184974
2024-04-17,1.7146503362144243
2024-04-18,1.713431888399295
2024-04-19,1.706934730531499
2024-04-22,1.7050291159101156
2024-04-23,1.700341988422204
2024-04-24,1.7128673063527096
2024-04-25,1.7093950701532488
2024-04-26,1.7248926023270703
2024-04-29,1.7453957453109816
2024-04-30,1.7335215749948651
2024-05-06,1.7494639231611866
2024-05-07,1.7562853588178418
2024-05-08,1.7430210208957453
2024-05-09,1.7639108070923328
2024-05-10,1.7529092624243472
2024-05-13,1.744451583677487
2024-05-14,1.742198562960999
2024-05-15,1.7339351521317337
2024-05-16,1.7336740082152926
2024-05-17,1.7441505009570313
2024-05-20,1.7469630853990215
2024-05-21,1.7379535624095666
2024-05-22,1.7450883146431297
2024-05-23,1.732817051985745
2024-05-24,1.7196376669233309
2024-05-27,1.727360788861295
2024-05-28,1.7204394008102797
2024-05-29,1.7214318777208846
2024-05-30,1.7263292422435428
2024-05-31,1.7285277408270958
2024-06-03,1.7256994814343818
2024-06-04,1.7289011612603224
2024-06-05,1.7223140583676602
2024-06-06,1.7078944765741964
2024-06-07,1.705402442955926
2024-06-11,1.712761375107426
2024-06-12,1.7165704063059286
2024-06-13,1.7181787718202757
2024-06-14,1.7152762511823054
2024-06-17,1.7219351874000421
2024-06-18,1.73033924651246
2024-06-19,1.7197454623990756
2024-06-20,1.7050191744005714
2024-06-21,1.703791137148534
2024-06-24,1.6833113695190822
2024-06-25,1.6733898061831047
2024-06-26,1.6891694233559915
2024-06-27,1.6757777438981143
2024-06-28,1.686838919563057
2024-07-01,1.685832928044093
2024-07-02,1.6756363077379033
2024-07-03,1.6691817526027892
2024-07-04,1.6581594223115177
2024-07-05,1.6601704117621403
2024-07-08,1.6466949449397765
2024-07-09,1.66350632642707
2024-07-10,1.6615686813959265
2024-07-11,1.6814698949800675
2024-07-12,1.6784001397238102
2024-07-15,1.6701042041930256
2024-07-16,1.6788571381304742
2024-07-17,1.6683908092124455
2024-07-18,1.6761331896718221
2024-07-19,1.6852321579273004
2024-07-22,1.6877122758906113
2024-07-23,1.6650854584268537
2024-07-24,1.6594271726290715
2024-07-25,1.6580258043781397
2024-07-26,1.6738092997487195
2024-07-29,1.6701844743448147
2024-07-30,1.6710048021700978
2024-07-31,1.6936644556170417
2024-08-01,1.6931836692025846
2024-08-02,1.6787314088837226
2024-08-05,1.6545593868517787
2024-08-06,1.668060593340227
2024-08-07,1.6693806535511393
2024-08-08,1.6596553089463533
2024-08-09,1.6545902844343099
2024-08-12,1.64900744588755
2024-08-13,1.6568263751738914
2024-08-14,1.6480014986806784
2024-08-15,1.6537840576314093
2024-08-16,1.6487184900784164
2024-08-19,1.6470991307226834
2024-08-20,1.6362880691740511
2024-08-21,1.634544240356692
2024-08-22,1.62845118604112
2024-08-23,1.6275366090798178
2024-08-26,1.6300247938893941
2024-08-27,1.6173623893601896
2024-08-28,1.6210479394859358
2024-08-29,1.6336852759651592
2024-08-30,1.6487254192890308
2024-09-02,1.6304769485136514
2024-09-03,1.6402087495767426
2024-09-04,1.637274094927958
2024-09-05,1.6380261297710752
2024-09-06,1.630847857605561
2024-09-09,1.6278097803430285
2024-09-10,1.6313347334741346
2024-09-11,1.6305087995266714
2024-09-12,1.6284355926257883
2024-09-13,1.6244371929799866
2024-09-18,1.6239978962227644
2024-09-19,1.62811981658668
2024-09-20,1.6271707572002323
2024-09-23,1.6270046906538003
2024-09-24,1.641258837313232
2024-09-25,1.6435819366862696
2024-09-26,1.6557004337137295
2024-09-27,1.676054184292394
2024-09-30,1.7228751649016874
2024-10-08,1.7716359251363705
2024-10-09,1.7395055550685075
2024-10-10,1.7346874944406825
2024-10-11,1.6902251463974807
2024-10-14,1.718834707507383
2024-10-15,1.704736119633744
2024-10-16,1.6937566852247978
2024-10-17,1.6932476138267245
2024-10-18,1.7382782372836654
2024-10-21,1.7603226039434698
2024-10-22,1.762306992057767
2024-10-23,1.769802146967389
2024-10-24,1.7579182913364904
2024-10-25,1.7773285547077053
2024-10-28,1.7869613720225723
2024-10-29,1.7752031184167942
2024-10-30,1.776086555715865
2024-10-31,1.788385573681308
2024-11-01,1.7589973210805412
2024-11-04,1.7801306425602161
2024-11-05,1.8167014021650423
2024-11-06,1.820354450417358
2024-11-07,1.8280003736043227
2024-11-08,1.8375918084693745
2024-11-11,1.8681210148167475
2024-11-12,1.8481754700856967
2024-11-13,1.8514510373906792
2024-11-14,1.818569041053881
2024-11-15,1.7887049251395437
2024-11-18,1.7688209056779742
2024-11-19,1.7936618035028644
2024-11-20,1.8045346394239399
2024-11-21,1.8049980874010576
2024-11-22,1.770637771944524
2024-11-25,1.7709631346040473
2024-11-26,1.7585247496872265
2024-11-27,1.781399529650706
2024-11-28,1.776024761262558
2024-11-29,1.7920935480374571
2024-12-02,1.807455794880728
2024-12-03,1.8041168627159858
2024-12-04,1.7962420565739419
2024-12-05,1.8042623903666413
2024-12-06,1.8133624522735532
2024-12-09,1.8070543924426037
2024-12-10,1.8160763622411848
2024-12-11,1.8204182815018186
2024-12-12,1.8261475434682821
2024-12-13,1.8057564872371488
2024-12-16,1.792713206920983
2024-12-17,1.778274060811947
2024-12-18,1.786097534998809
2024-12-19,1.7924789901084082
2024-12-20,1.8019173372636708
2024-12-23,1.780921582814268
2024-12-24,1.792564727900509
2024-12-25,1.7823753190021296
2024-12-26,1.7950935271834676
2024-12-27,1.7963024556715208
2024-12-30,1.794967890681415
2024-12-31,1.7699395054397202
2025-01-02,1.7403925788028158
2025-01-03,1.7155675492943592
2025-01-06,1.7100212842719442
2025-01-07,1.7298409879215022
2025-01-08,1.7289011765608195
2025-01-09,1.7351089387478813
2025-01-10,1.7215279321364725
2025-01-13,1.718729957023792
2025-01-14,1.7574680000383198
2025-01-15,1.7484642196874853
2025-01-16,1.7489732217550373
2025-01-17,1.7562880390127864
2025-01-20,1.765648161803913
2025-01-21,1.7699836629323358
2025-01-22,1.7634113399877025
2025-01-23,1.7566300026473973
2025-01-24,1.7690004151181453
2025-01-27,1.7496656436790896
2025-02-05,1.7554609464146658
2025-02-06,1.7838264144017972
2025-02-07,1.7959907995676736
2025-02-10,1.8011323484256954
2025-02-11,1.7949550571696486
2025-02-12,1.8094672142955281
2025-02-13,1.7937791010275372
2025-02-14,1.795237041583315
2025-02-17,1.8053588871788127
2025-02-18,1.7890528290779044
2025-02-19,1.816938671451393
2025-02-20,1.824543837427961
2025-02-21,1.8452048937844927
2025-02-24,1.8465218682365063
2025-02-25,1.845400591048598
2025-02-26,1.8593901056625453
2025-02-27,1.853403759572402
2025-02-28,1.8163086344258197
2025-03-03,1.8174066047777262
2025-03-04,1.8323060736950716
2025-03-05,1.840475835544577
2025-03-06,1.8532078302186283
2025-03-07,1.854202756707124
2025-03-10,1.8581054373239425
2025-03-11,1.862078284415812
2025-03-12,1.8592840815403957
2025-03-13,1.8449905590710587
2025-03-14,1.8559044696360132
2025-03-17,1.8570046937433515
2025-03-18,1.8598412266925468
2025-03-19,1.8539957217190324
2025-03-20,1.8537608875015978
2025-03-21,1.840225160421068
2025-03-24,1.8341962324085201
2025-03-25,1.8255893031454953
2025-03-26,1.8283267756048174
2025-03-27,1.8250043989490492
2025-03-28,1.81616588731155
2025-03-31,1.8080027097910283
2025-04-01,1.8117323532015708
2025-04-02,1.810793834171468
2025-04-03,1.7982761057017218
2025-04-07,1.7180115102241507
2025-04-08,1.716660722518586
2025-04-09,1.7298218120232853
2025-04-10,1.7423231292094306
2025-04-11,1.7540903062229847
2025-04-14,1.7584670604710935
2025-04-15,1.7555630226331915
2025-04-16,1.7498359674140391
2025-04-17,1.7507484834623126
2025-04-18,1.7507135956339532
2025-04-21,1.7596105272693756
2025-04-22,1.7561093819926064
2025-04-23,1.7647017607588449
2025-04-24,1.7579091749768945
2025-04-25,1.7596113104819353
2025-04-28,1.7555449244361376
2025-04-29,1.7604356036652606
2025-04-30,1.7669193211199747
2025-05-06,1.78130536432246
2025-05-07,1.78130536432246
2025-05-08,1.78130536432246
2025-05-09,1.7707886007296734
2025-05-12,1.7820825990860085
2025-05-13,1.7778703657860886
2025-05-14,1.7792473312509676
2025-05-15,1.7658270690474462
2025-05-16,1.767548247375604
2025-05-19,1.7681556348993597
2025-05-20,1.770640765686053
2025-05-21,1.7660157909799057
2025-05-22,1.7610318472470219
2025-05-23,1.7525679820686626
2025-05-26,1.7583010177616054
2025-05-27,1.7525851006425957
2025-05-28,1.7508395436251962
2025-05-29,1.7643354219122034
2025-05-30,1.7539525447422277
2025-06-03,1.7547425852919663
2025-06-04,1.7594591762642982
2025-06-05,1.7698810920338421
2025-06-06,1.7678901621116183
2025-06-09,1.7721044178015468
2025-06-10,1.7630560260400865
2025-06-11,1.7651675431609566
2025-06-12,1.764765775058678
2025-06-13,1.7569083465343702
2025-06-16,1.7628212655001403
2025-06-17,1.7625264398264986
2025-06-18,1.765417085560953
2025-06-19,1.757905570174623
2025-06-20,1.751104464574908
2025-06-23,1.758838567966559
2025-06-24,1.7715312373230394
2025-06-25,1.7824797131881132
2025-06-26,1.7805015998359277
2025-06-27,1.7822390698298274
2025-06-30,1.7897216298262266
2025-07-01,1.7875807711737441
2025-07-02,1.7794859906876024
2025-07-03,1.7846148688168841
2025-07-04,1.7816664225270045
2025-07-07,1.780455498847928
2025-07-08,1.7912965448248328
2025-07-09,1.7887724786352261
2025-07-10,1.787501301572977
2025-07-11,1.7936699281517048
2025-07-14,1.7942942828322774
2025-07-15,1.7984984012031835
2025-07-16,1.7991468631227807
2025-07-17,1.808380780404627
2025-07-18,1.8083000863614171
2025-07-21,1.8126479872006132
2025-07-22,1.813112572113006
2025-07-23,1.8105333627468487
2025-07-24,1.8184504597678215
2025-07-25,1.8231663268560387
2025-07-28,1.8263931575892838
2025-07-29,1.8310585426572876
2025-07-30,1.824329916354409
2025-07-31,1.8223985777231566
2025-08-01,1.8217227304877948
2025-08-04,1.8289636896911112
2025-08-05,1.8328590087007648
2025-08-06,1.841945977004806
2025-08-07,1.842433356524574
2025-08-08,1.8356608357978483
2025-08-11,1.8466297017547526
2025-08-12,1.8523162938771829
2025-08-13,1.861944300405936
2025-08-14,1.8554777094515973
2025-08-15,1.8696938433062709
2025-08-18,1.8862989165526503
2025-08-19,1.8867089646691269
2025-08-20,1.8959382126332862
2025-08-21,1.8921709854118296
2025-08-22,1.914920521555276
2025-08-25,1.9274498327452836
2025-08-26,1.9293167526156823
2025-08-27,1.9200151935639105
2025-08-28,1.9423123502804767
2025-08-29,1.9366961665501439
2025-09-01,1.9441266424787491
2025-09-02,1.9207709204276475
2025-09-03,1.90757571356516
2025-09-04,1.8806921646034958
2025-09-05,1.903111796009502
2025-09-08,1.9104776858760248
2025-09-09,1.895901941613189
2025-09-10,1.902762555416925
2025-09-11,1.9321010340074949
2025-09-12,1.9350352088636038
2025-09-15,1.9344159435356543
2025-09-16,1.9478837815176342
2025-09-17,1.9559402536669086
2025-09-18,1.9540842568385022
2025-09-19,1.9482495312299677
2025-09-22,1.9649520970858219
2025-09-23,1.9570491763302718
2025-09-24,1.9755786368921529
2025-09-25,1.9782744738600067
2025-09-26,1.9562442508834503
2025-09-29,1.9682175608419283
2025-09-30,1.974404068071434
2025-10-09,1.9888648726123797
2025-10-10,1.96133961396293
2025-10-13,1.95961442708971
2025-10-14,1.9341990044076955
2025-10-15,1.9486559644707464
2025-10-16,1.940904175141891
2025-10-17,1.9124942501872073
2025-10-20,1.9210408340293605
2025-10-21,1.9389984883589075
2025-10-22,1.9364744045280424
2025-10-23,1.9349885186464895
2025-10-24,1.9547940160553074
2025-10-27,1.9688063766339998
2025-10-28,1.966784286456417
2025-10-29,1.974674109033316
2025-10-30,1.9615610915133779
2025-10-31,1.9541553196207417
2025-11-03,1.9561413417693934
2025-11-04,1.9456970529202025
2025-11-05,1.9438611692528047
2025-11-06,1.9575242474257122
2025-11-07,1.9475401244345603
2025-11-10,1.9447382438070793
2025-11-11,1.9360102983662526
2025-11-12,1.9294264863149835
2025-11-13,1.9365417377240335
2025-11-14,1.9212082992435822
2025-11-17,1.9260178606287839
2025-11-18,1.927113904409587
2025-11-19,1.9188989570616022
2025-11-20,1.9129012241142833
2025-11-21,1.8872916682926628
2025-11-24,1.8972539294176318
2025-11-25,1.9074381732231112
2025-11-26,1.9113304727148455
2025-11-27,1.910058541278068
2025-11-28,1.918695647277665
2025-12-01,1.9260617751416778
2025-12-02,1.9187389536306434
2025-12-03,1.9106746565011699
2025-12-04,1.914643554427996
2025-12-05,1.9243969508138359
2025-12-08,1.938213861047227
2025-12-09,1.9368296584867633
2025-12-10,1.9362156428241155
2025-12-11,1.9234686705275261
2025-12-12,1.9326501033321215
2025-12-15,1.919558554213528
2025-12-16,1.9072744925101792
2025-12-17,1.9210145916139332
2025-12-18,1.914126975297592
2025-12-19,1.9178647086109217
2025-12-22,1.9293478883810626
2025-12-23,1.9287481241209006
2025-12-24,1.9414212029069606
2025-12-25,1.9478800172073312
2025-12-26,1.9473720621218376
2025-12-29,1.9490781151908065
2025-12-30,1.9542112053200582
2025-12-31,1.9527864900190965
2026-01-05,1.973402247427733
2026-01-06,1.9855296419930653
2026-01-07,1.9888607564847742
2026-01-08,1.993626759827034
2026-01-09,2.008123453001221
2026-01-12,2.0358860176957596
2026-01-13,2.0154463563232627
2026-01-14,2.02932831557345
2026-01-15,2.0283465515496797
2026-01-16,2.0344021234543974
2026-01-19,2.031574029284752
2026-01-20,2.0190330683831776
2026-01-21,2.033162580727561
2026-01-22,2.03656619296994
2026-01-23,2.0452624389434635
2026-01-26,2.0284214739210413
2026-01-27,2.037933037489445
2026-01-28,2.033886858152536
2026-01-29,2.0171443922567613
2026-01-30,2.0151670121740017
2026-02-02,1.9905079472878127
2026-02-03,2.0139609232897597
2026-02-04,2.0057994637767793
2026-02-05,1.9948738787141256
2026-02-06,1.991516794810259
2026-02-09,2.014219690979128
2026-02-10,2.017264845809855
2026-02-11,2.01139860930849
2026-02-12,2.024610652045518
2026-02-13,2.0196228780165906
2026-02-24,2.023806901593323
2026-02-25,2.031343016925291
2026-02-26,2.0427928055902655
2026-02-27,2.0454637661316344
2026-03-02,2.031228334373054
2026-03-03,1.990157707234674
2026-03-04,1.9861059480659515
2026-03-05,2.001703528938583
2026-03-06,2.007716582695361
2026-03-09,2.00050226318912
2026-03-10,2.021854357418077
2026-03-11,2.0173263338210874
2026-03-12,2.0074479215587413
2026-03-13,1.994834776638448
2026-03-16,1.9993226926056207
2026-03-17,1.9782069640927098
2026-03-18,1.9946054537824978
2026-03-19,1.9757389542682375
2026-03-20,1.9579203678526362
2026-03-23,1.917242601608389
2026-03-24,1.9357047444933921
2026-03-25,1.9531119457668724
2026-03-26,1.9357661147447423
2026-03-27,1.9420217805779427
2026-03-30,1.9404201991215009
2026-03-31,1.9270708810711765
2026-04-01,1.9270708810711765
2026-04-02,1.9270708810711765
2026-04-03,1.9270708810711765
2026-04-07,1.9270708810711765
2026-04-08,1.9270708810711765
2026-04-09,1.9270708810711765
2026-04-10,1.9270708810711765
2026-04-13,1.9270708810711765
2026-04-14,1.9270708810711765
2026-04-15,1.9270708810711765
2026-04-16,1.9270708810711765
2026-04-17,1.9270708810711765
2026-04-20,1.9270708810711765
2026-04-21,1.9270708810711765
2026-04-22,1.9270708810711765
2026-04-23,1.9270708810711765
2026-04-24,1.9270708810711765
2026-04-27,1.9270708810711765
2026-04-28,1.9270708810711765
2026-04-29,1.9270708810711765
2026-04-30,1.9270708810711765
2026-05-06,1.9270708810711765
2026-05-07,1.9270708810711765
2026-05-08,1.9270708810711765
2026-05-11,1.9270708810711765
2026-05-12,1.9270708810711765
2026-05-13,1.9270708810711765
2026-05-14,1.9270708810711765
2026-05-15,1.9270708810711765
2026-05-18,1.9270708810711765
2026-05-19,1.9270708810711765
2026-05-20,1.9270708810711765
2026-05-21,1.9270708810711765
2026-05-22,1.9270708810711765
2026-05-25,1.9270708810711765
2026-05-26,1.9270708810711765
2026-05-27,1.9270708810711765
2026-05-28,1.9270708810711765
2026-05-29,1.9270708810711765
2026-06-01,1.9270708810711765
2026-06-02,1.9270708810711765
2026-06-03,1.9270708810711765
2026-06-04,1.9270708810711765
2026-06-05,1.9270708810711765
2026-06-08,1.9270708810711765
2026-06-09,1.9270708810711765
2026-06-10,1.9270708810711765
2026-06-11,1.9270708810711765
2026-06-12,1.9270708810711765
2026-06-15,1.9270708810711765
2026-06-16,1.9270708810711765
2026-06-17,1.9270708810711765
2026-06-18,1.9270708810711765
2026-06-22,1.9270708810711765
2026-06-23,1.9270708810711765
2026-06-24,1.9270708810711765
2026-06-25,1.9270708810711765
2026-06-26,1.9270708810711765
2026-06-29,1.9270708810711765
2026-06-30,1.9270708810711765
2026-07-01,1.9270708810711765
2026-07-02,1.9270708810711765
2026-07-03,1.9270708810711765
2026-07-06,1.9270708810711765
2026-07-07,1.9270708810711765
2026-07-08,1.9270708810711765
2026-07-09,1.9270708810711765
2026-07-10,1.9270708810711765
2026-07-13,1.9270708810711765
2026-07-14,1.9270708810711765
2026-07-15,1.9270708810711765
2026-07-16,1.9270708810711765
2026-07-17,1.9270708810711765
2026-07-20,1.9270708810711765
2026-07-21,1.9270708810711765
2026-07-22,1.9270708810711765
2026-07-23,1.9270708810711765
2026-07-24,1.9270708810711765
2026-07-27,1.9270708810711765
2026-07-28,1.9270708810711765
2026-07-29,1.9270708810711765
2026-07-30,1.9270708810711765
2026-07-31,1.9270708810711765
2026-08-03,1.9270708810711765
2026-08-04,1.9270708810711765
2026-08-05,1.9270708810711765
2026-08-06,1.9270708810711765
2026-08-07,1.9270708810711765
2026-08-10,1.9270708810711765
2026-08-11,1.9270708810711765
2026-08-12,1.9270708810711765
2026-08-13,1.9270708810711765
2026-08-14,1.9270708810711765
2026-08-17,1.9270708810711765
2026-08-18,1.9270708810711765
2026-08-19,1.9270708810711765
2026-08-20,1.9270708810711765
2026-08-21,1.9270708810711765
2026-08-24,1.9270708810711765
2026-08-25,1.9270708810711765
2026-08-26,1.9270708810711765
2026-08-27,1.9270708810711765
2026-08-28,1.9270708810711765
2026-08-31,1.9270708810711765
2026-09-01,1.9270708810711765
2026-09-02,1.9270708810711765
2026-09-03,1.9270708810711765
2026-09-04,1.9270708810711765
2026-09-07,1.9270708810711765
2026-09-08,1.9270708810711765
2026-09-09,1.9270708810711765
2026-09-10,1.9270708810711765
2026-09-11,1.9270708810711765
2026-09-14,1.9270708810711765
2026-09-15,1.9270708810711765
2026-09-16,1.9270708810711765
2026-09-17,1.9270708810711765
2026-09-18,1.9270708810711765
2026-09-21,1.9270708810711765
2026-09-22,1.9270708810711765
2026-09-23,1.9270708810711765
2026-09-24,1.9270708810711765
2026-09-28,1.9270708810711765
2026-09-29,1.9270708810711765
2026-09-30,1.9270708810711765
