配置,总收益,年化,夏普,最大回撤
默认,0.2680654686215962,0.022363721538466663,0.28269323647270084,-0.2700380730099523
liquidity_window=60,0.2680654686215962,0.022363721538466663,0.28269323647270084,-0.2700380730099523
liquidity_window=90,0.2680654686215962,0.022363721538466663,0.28269323647270084,-0.2700380730099523
liquidity_window=120,0.2680654686215962,0.022363721538466663,0.28269323647270084,-0.2700380730099523
profit_threshold=30.0,0.2680654686215962,0.022363721538466663,0.28269323647270084,-0.2700380730099523
profit_threshold=50.0,0.2680654686215962,0.022363721538466663,0.28269323647270084,-0.2700380730099523
profit_threshold=70.0,0.2680654686215962,0.022363721538466663,0.28269323647270084,-0.2700380730099523
policy_valid_days=270,0.3295671304672383,0.026882972592227494,0.38799186023178706,-0.14434476385733908
policy_valid_days=365,0.2680654686215962,0.022363721538466663,0.28269323647270084,-0.2700380730099523
policy_valid_days=545,0.38842633593645903,0.031033886829587853,0.3237426504939651,-0.2700380730099523
nt_window=90,0.27193345400431035,0.02265374376428375,0.2888647515364151,-0.24640142528813302
nt_window=120,0.2680654686215962,0.022363721538466663,0.28269323647270084,-0.2700380730099523
nt_window=180,0.27423417037321274,0.022825872745890097,0.25190033538190976,-0.2898970330439552
国家队=扩展口径(含大基金注资),0.5845912179332866,0.043801686668911266,0.47033000095394867,-0.19634240151766258
前段2016-2021H1,0.06571212349303712,0.01166718351310414,0.28212501258013434,-0.09448316535548085
后段2021H2-2026,0.18987617825470027,0.03367856213431786,0.32652426136072416,-0.19982465085362988
沪深300前段,0.5058926523738667,0.07746909512303235,0.4910146061227558,-0.3246196654354271
沪深300后段,-0.16675029217938275,-0.034160132038894786,-0.11170159307855008,-0.3958986657651429
