date,code,name,action,price,ret,hold_days,reason
2016-01-05,theme_ai,CS人工智能,买入,3336.61,,,Regime1[vote2]
2016-01-05,theme_mil,中证军工,买入,13446.59,,,Regime1[vote2]
2016-03-18,theme_semi,中证全指半导体,买入,3014.91,,,Regime1[vote2]
2016-03-18,theme_semi_mat,半导体材料,买入,799.98,,,Regime1[vote2]
2016-03-18,theme_pv,光伏产业,买入,1915.56,,,Regime1[vote2]
2016-05-04,theme_mil,中证军工,卖出,10932.31,-0.1869827220135366,120.0,"盈利成熟: ROE峰值回落(2.7%→-1.9%,Q4)"
2016-05-05,theme_nev,CS新能车,买入,2401.56,,,Regime1[vote2]
2016-10-18,theme_ai,CS人工智能,卖出,3034.39,-0.09057696284552297,287.0,产业政策扶持期结束
2016-10-18,theme_semi,中证全指半导体,卖出,3364.39,0.11591722472644284,214.0,产业政策扶持期结束
2016-10-18,theme_semi_mat,半导体材料,卖出,964.0,0.20503012575314372,214.0,产业政策扶持期结束
2016-10-18,theme_pv,光伏产业,卖出,2084.38,0.08813088600722518,214.0,产业政策扶持期结束
2016-10-18,theme_nev,CS新能车,卖出,2355.31,-0.019258315428304917,166.0,产业政策扶持期结束
2016-10-19,theme_baijiu,中证白酒,买入,3276.71,,,消费吃药行情(居民杠杆上行)
2016-10-19,theme_cons,中证消费,买入,8063.56,,,消费吃药行情(居民杠杆上行)
2016-10-19,theme_pharma,中证医药,买入,9620.3,,,消费吃药行情(居民杠杆上行)
2016-10-19,theme_med,CS医疗,买入,1176.37,,,消费吃药行情(居民杠杆上行)
2018-04-18,theme_semi,中证全指半导体,买入,3970.5,,,Regime1[vote2]
2018-05-03,theme_semi,中证全指半导体,卖出,3648.12,-0.08119380430676237,15.0,"盈利成熟: 盈利兑现后增速减缓(68%→56%,Q4)"
2018-05-04,theme_semi,中证全指半导体,买入,3613.54,,,Regime1[vote2]
2018-09-03,theme_semi,中证全指半导体,卖出,2905.82,-0.19585226675227052,122.0,"盈利成熟: ROE峰值回落(6.5%→4.4%,Q2)"
2018-09-04,theme_semi,中证全指半导体,买入,2963.49,,,Regime1[vote2]
2019-05-06,theme_semi,中证全指半导体,卖出,2671.56,-0.09850885273781917,244.0,"盈利成熟: 盈利兑现后增速减缓(57%→3%,Q4); ROE峰值回落(10.6%→6.9%,Q4)"
2019-07-23,theme_semi,中证全指半导体,买入,3176.12,,,Regime1[vote2]
2020-09-01,theme_semi,中证全指半导体,卖出,6752.04,1.125876856038185,406.0,"盈利成熟: 盈利转负(22%→-4%,Q2)"
2021-07-12,theme_pv,光伏产业,买入,4351.19,,,Regime1[vote2]
2021-09-01,theme_pv,光伏产业,卖出,5496.24,0.26315789473684226,51.0,"盈利成熟: 盈利兑现后增速减缓(79%→34%,Q2)"
2021-09-02,theme_pv,光伏产业,买入,5784.06,,,Regime1[vote2]
2022-04-06,theme_baijiu,中证白酒,卖出,13921.52,3.248627434225183,1995.0,"居民杠杆增量跌破阈值(平台期,2022-03-31可得)"
2022-04-06,theme_cons,中证消费,卖出,21062.02,1.61200015873882,1995.0,"居民杠杆增量跌破阈值(平台期,2022-03-31可得)"
2022-04-06,theme_pharma,中证医药,卖出,11371.17,0.181997442907186,1995.0,"居民杠杆增量跌破阈值(平台期,2022-03-31可得)"
2022-04-06,theme_med,CS医疗,卖出,1384.04,0.17653459370776203,1995.0,"居民杠杆增量跌破阈值(平台期,2022-03-31可得)"
2022-04-18,theme_ai,CS人工智能,买入,2737.56,,,Regime1[vote2]
2022-04-18,theme_5g,5G通信,买入,10069.4,,,Regime1[vote2]
2022-04-18,theme_nev,CS新能车,买入,4310.42,,,Regime1[vote2]
2022-08-30,theme_pv,光伏产业,卖出,5289.34,-0.08553161620038519,362.0,产业政策扶持期结束
2022-08-30,theme_nev,CS新能车,卖出,5159.4,0.19695992501890758,134.0,产业政策扶持期结束
2022-09-01,theme_ai,CS人工智能,卖出,2448.22,-0.10569266061748428,136.0,"盈利成熟: 盈利兑现后增速减缓(82%→7%,Q2)"
2022-09-02,theme_ai,CS人工智能,买入,2467.32,,,Regime1[vote2]
2023-03-20,theme_semi,中证全指半导体,买入,5856.41,,,Regime1[vote2]
2023-03-20,theme_semi_mat,半导体材料,买入,779.07,,,Regime1[vote2]
2023-05-05,theme_5g,5G通信,卖出,9948.24,-0.0120324944882515,382.0,"盈利成熟: 盈利兑现后增速减缓(659%→355%,Q4)"
2023-05-05,theme_ai,CS人工智能,卖出,3046.46,0.23472431626217904,245.0,"盈利成熟: 盈利转负(7%→-37%,Q4)"
2023-05-08,theme_ai,CS人工智能,买入,3107.81,,,Regime1[vote2]
2023-05-08,theme_5g,5G通信,买入,9995.91,,,Regime1[vote2]
2023-09-01,theme_5g,5G通信,卖出,9236.59,-0.07596306889517812,116.0,"盈利成熟: 盈利兑现后增速减缓(355%→10%,Q2)"
2023-09-04,theme_5g,5G通信,买入,9301.5,,,Regime1[vote2]
2023-10-12,theme_pv,光伏产业,买入,3052.53,,,Regime1[vote2]
2023-12-26,theme_pv,光伏产业,卖出,2524.55,-0.17296472106744243,75.0,共振窗口结束
2024-01-25,theme_pv,光伏产业,买入,2611.96,,,Regime1[vote2]
2024-03-05,theme_ai,CS人工智能,卖出,2730.1,-0.12153574381960286,302.0,产业政策扶持期结束
2024-03-05,theme_5g,5G通信,卖出,8801.04,-0.05380422512497973,183.0,产业政策扶持期结束
2024-03-06,theme_ai,CS人工智能,买入,2699.66,,,Regime1[vote2]
2024-03-06,theme_5g,5G通信,买入,8862.79,,,Regime1[vote2]
2024-09-03,theme_pv,光伏产业,卖出,1967.46,-0.24674956737469178,222.0,"盈利成熟: 盈利转负(8%→-47%,Q2)"
2024-09-03,theme_ai,CS人工智能,卖出,2175.31,-0.1942281620648526,181.0,"盈利成熟: 盈利转负(2%→-43%,Q2)"
2024-09-04,theme_ai,CS人工智能,买入,2161.24,,,Regime1[vote2]
2024-09-04,theme_pv,光伏产业,买入,1969.8,,,Regime1[vote2]
2025-02-18,theme_5g,5G通信,卖出,10734.66,0.21120550075089217,349.0,共振窗口结束
2025-02-18,theme_ai,CS人工智能,卖出,3526.99,0.6319288926727249,167.0,共振窗口结束
2025-03-04,theme_pv,光伏产业,卖出,2240.41,0.13737942938369363,181.0,产业政策扶持期结束
2025-04-02,theme_ai,CS人工智能,买入,3307.27,,,Regime1[vote2]
2025-05-06,theme_semi,中证全指半导体,卖出,6754.83,0.15340797519299376,778.0,"盈利成熟: 盈利兑现后增速减缓(79%→32%,Q4)"
2025-05-06,theme_semi_mat,半导体材料,卖出,873.35,0.121016083278781,778.0,"盈利成熟: 盈利兑现后增速减缓(79%→32%,Q4)"
2025-05-07,theme_semi,中证全指半导体,买入,6722.29,,,Regime1[vote2]
2025-05-07,theme_semi_mat,半导体材料,买入,871.91,,,Regime1[vote2]
2025-05-08,theme_5g,5G通信,买入,11318.47,,,Regime1[vote2]
2025-05-08,theme_pv,光伏产业,买入,1998.16,,,Regime1[vote2]
2025-09-01,theme_5g,5G通信,卖出,15970.99,0.4110555578625026,116.0,共振窗口结束
2025-09-01,theme_pv,光伏产业,卖出,2483.8,0.24304360011210324,116.0,共振窗口结束
2026-03-31,theme_ai,CS人工智能,卖出,4944.71,0.4951032120147434,363.0,产业政策扶持期结束
2026-03-31,theme_semi,中证全指半导体,卖出,8902.87,0.324380531039274,328.0,产业政策扶持期结束
2026-03-31,theme_semi_mat,半导体材料,卖出,1956.37,1.243775160280304,328.0,产业政策扶持期结束
