配置,总收益,年化,夏普,最大回撤,交易笔数
and3 三条件AND(基准),0.2680654686215962,0.022363721538466663,0.28269323647270084,-0.2700380730099523,26
no_nt 去国家队,0.4745935106744801,0.036831542857213684,0.32013708909034383,-0.2364003158866319,74
no_liq 去流动性,0.270985182076541,0.022582716250852952,0.28101812544886245,-0.2700380730099523,26
no_pol 去产业政策,0.512432949745202,0.03928095671147003,0.4351212251018532,-0.2903368900604476,46
vote2 三选二投票,0.7719147594943654,0.054719824667438965,0.42920613905833205,-0.2558975872188559,94
R1and3 + 杠杆消费,0.9270708810711765,0.06299714013223712,0.52025454864879,-0.3514698631055275,36
R1and3 + 杠杆 + 大基金,1.1666784367731915,0.07466235615533257,0.5835607080060586,-0.33169067233084126,40
R1no_liq + 杠杆 + 大基金,1.1695981502281363,0.07479713918726238,0.5830261197945902,-0.33169067233084126,40
R1vote2 + 杠杆 + 大基金,1.1092141190821998,0.0719755346350508,0.4903060374870694,-0.35169775313872176,94
