index_code,industry,year,net_profit,roe,half,period,np_yoy
801080.SI,电子,2014,21101879767.8,6.05,Q4,,
801080.SI,,2015,12760112425.66,3.2,Q2,2015-Q2,
801080.SI,电子,2015,24496123140.42,5.38,Q4,,16.1
801080.SI,,2016,13732613831.77,2.92,Q2,2016-Q2,7.6
801080.SI,电子,2016,39017906240.45,7.05,Q4,,59.3
801080.SI,,2017,23140717250.82,4.33,Q2,2017-Q2,68.5
801080.SI,电子,2017,61056394157.87,8.04,Q4,,56.5
801080.SI,,2018,36362821471.79,4.39,Q2,2018-Q2,57.1
801080.SI,电子,2018,62762049047.84,6.92,Q4,,2.8
801080.SI,,2019,40518145482.84,4.12,Q2,2019-Q2,11.4
801080.SI,电子,2019,76560686214.8,7.45,Q4,,22.0
801080.SI,,2020,38990427828.88,4.06,Q2,2020-Q2,-3.8
801080.SI,电子,2020,102006697663.67,7.96,Q4,,33.2
801080.SI,,2021,97203412371.91,6.5,Q2,2021-Q2,149.3
801080.SI,电子,2021,163400837633.68,10.63,Q4,,60.2
801080.SI,,2022,63251156163.52,4.3,Q2,2022-Q2,-34.9
801080.SI,电子,2022,99148305190.09,6.65,Q4,,-39.3
801080.SI,,2023,34309299492.72,2.17,Q2,2023-Q2,-45.8
801080.SI,电子,2023,95974217005.68,4.08,Q4,,-3.2
801080.SI,,2024,61484242073.71,2.72,Q2,2024-Q2,79.2
801080.SI,电子,2024,127077120380.24,5.57,Q4,,32.4
801080.SI,,2025,83287514012.87,3.44,Q2,2025-Q2,35.5
801080.SI,电子,2025,176464133746.72,6.69,Q4,,38.9
801080.SI,,2026,175946729987.66,5.84,Q2,2026-Q2,111.3
801150.SI,医药生物,2014,54812522582.2,11.13,Q4,,
801150.SI,,2015,32597939680.03,6.13,Q2,2015-Q2,
801150.SI,医药生物,2015,65167041900.27,10.92,Q4,,18.9
801150.SI,,2016,41694420655.29,6.01,Q2,2016-Q2,27.9
801150.SI,医药生物,2016,85721606290.8,10.43,Q4,,31.5
801150.SI,,2017,49175807532.69,5.84,Q2,2017-Q2,17.9
801150.SI,医药生物,2017,111581780753.18,11.06,Q4,,30.2
801150.SI,,2018,66143861859.99,6.27,Q2,2018-Q2,34.5
801150.SI,医药生物,2018,103112130981.53,9.06,Q4,,-7.6
801150.SI,,2019,66301779951.55,6.06,Q2,2019-Q2,0.2
801150.SI,医药生物,2019,103036552655.74,7.77,Q4,,-0.1
801150.SI,,2020,78741056088.76,6.14,Q2,2020-Q2,18.8
801150.SI,医药生物,2020,132612394955.39,8.9,Q4,,28.7
801150.SI,,2021,104953457072.98,7.43,Q2,2021-Q2,33.3
801150.SI,医药生物,2021,201299397096.0,11.61,Q4,,51.8
801150.SI,,2022,121608826486.26,7.15,Q2,2022-Q2,15.9
801150.SI,医药生物,2022,200758883059.89,10.21,Q4,,-0.3
801150.SI,,2023,116409251438.18,5.72,Q2,2023-Q2,-4.3
801150.SI,医药生物,2023,167359334278.95,7.03,Q4,,-16.6
801150.SI,,2024,110085934050.84,4.58,Q2,2024-Q2,-5.4
801150.SI,医药生物,2024,147461625133.15,6.18,Q4,,-11.9
801150.SI,,2025,104416258644.29,4.27,Q2,2025-Q2,-5.2
801150.SI,医药生物,2025,148215935357.48,5.95,Q4,,0.5
801150.SI,,2026,114903988583.14,4.54,Q2,2026-Q2,10.0
801730.SI,电力设备,2014,28759405195.33,7.06,Q4,,
801730.SI,,2015,12915309342.14,3.06,Q2,2015-Q2,
801730.SI,电力设备,2015,32152496506.07,6.61,Q4,,11.8
801730.SI,,2016,18077643187.95,3.51,Q2,2016-Q2,40.0
801730.SI,电力设备,2016,36820247173.62,5.97,Q4,,14.5
801730.SI,,2017,22203095525.45,3.41,Q2,2017-Q2,22.8
801730.SI,电力设备,2017,51013199153.03,6.66,Q4,,38.5
801730.SI,,2018,28196313935.49,3.36,Q2,2018-Q2,27.0
801730.SI,电力设备,2018,32111560495.72,3.65,Q4,,-37.1
801730.SI,,2019,28317301141.13,3.22,Q2,2019-Q2,0.4
801730.SI,电力设备,2019,43548789279.46,5.14,Q4,,35.6
801730.SI,,2020,34624558595.66,3.86,Q2,2020-Q2,22.3
801730.SI,电力设备,2020,77806338826.61,7.55,Q4,,78.7
801730.SI,,2021,46430439139.07,4.5,Q2,2021-Q2,34.1
801730.SI,电力设备,2021,124385928301.25,9.1,Q4,,59.9
801730.SI,,2022,104232651800.98,6.66,Q2,2022-Q2,124.5
801730.SI,电力设备,2022,230396838189.3,12.5,Q4,,85.2
801730.SI,,2023,133068809832.34,6.79,Q2,2023-Q2,27.7
801730.SI,电力设备,2023,249460767922.6,10.07,Q4,,8.3
801730.SI,,2024,70776038552.14,2.87,Q2,2024-Q2,-46.8
801730.SI,电力设备,2024,94171093294.06,3.78,Q4,,-62.3
801730.SI,,2025,74051803036.63,2.87,Q2,2025-Q2,4.6
801730.SI,电力设备,2025,138607311816.54,5.12,Q4,,47.2
801730.SI,,2026,106287183277.28,3.75,Q2,2026-Q2,43.5
801740.SI,国防军工,2014,4349868594.92,2.66,Q4,,
801740.SI,,2015,359323624.59,0.36,Q2,2015-Q2,
801740.SI,国防军工,2015,-3993695511.3,-1.87,Q4,,-191.8
801740.SI,,2016,1044709384.37,0.67,Q2,2016-Q2,190.7
801740.SI,国防军工,2016,4237188989.07,1.97,Q4,,-206.1
801740.SI,,2017,2911803804.82,1.49,Q2,2017-Q2,178.7
801740.SI,国防军工,2017,6914021248.81,2.73,Q4,,63.2
801740.SI,,2018,3869412330.23,1.64,Q2,2018-Q2,32.9
801740.SI,国防军工,2018,2301120255.17,1.57,Q4,,-66.7
801740.SI,,2019,6512410909.69,1.97,Q2,2019-Q2,68.3
801740.SI,国防军工,2019,12941661690.1,3.03,Q4,,462.4
801740.SI,,2020,9815114698.75,2.3,Q2,2020-Q2,50.7
801740.SI,国防军工,2020,21804015295.18,4.38,Q4,,68.5
801740.SI,,2021,11673844714.45,2.36,Q2,2021-Q2,18.9
801740.SI,国防军工,2021,28925615221.01,4.73,Q4,,32.7
801740.SI,,2022,15295484422.7,2.71,Q2,2022-Q2,31.0
801740.SI,国防军工,2022,27310021307.0,4.49,Q4,,-5.6
801740.SI,,2023,17946204954.11,2.85,Q2,2023-Q2,17.3
801740.SI,国防军工,2023,32214797393.48,4.4,Q4,,18.0
801740.SI,,2024,16424985157.67,2.16,Q2,2024-Q2,-8.5
801740.SI,国防军工,2024,20954497568.08,2.69,Q4,,-35.0
801740.SI,,2025,18192407451.02,2.25,Q2,2025-Q2,10.8
801740.SI,国防军工,2025,32555281682.44,3.66,Q4,,55.4
801740.SI,,2026,26687863328.99,3.07,Q2,2026-Q2,46.7
801750.SI,计算机,2014,25356147282.75,10.91,Q4,,
801750.SI,,2015,9533988260.99,4.15,Q2,2015-Q2,
801750.SI,计算机,2015,34574027799.93,10.67,Q4,,36.4
801750.SI,,2016,18324370078.98,4.96,Q2,2016-Q2,92.2
801750.SI,计算机,2016,40281582159.65,8.99,Q4,,16.5
801750.SI,,2017,15690784034.65,3.28,Q2,2017-Q2,-14.4
801750.SI,计算机,2017,34298239659.62,6.53,Q4,,-14.9
801750.SI,,2018,14621127646.71,2.57,Q2,2018-Q2,-6.8
801750.SI,计算机,2018,19293567382.69,2.96,Q4,,-43.7
801750.SI,,2019,20261174930.14,3.3,Q2,2019-Q2,38.6
801750.SI,计算机,2019,20045734712.52,2.85,Q4,,3.9
801750.SI,,2020,11606646388.71,1.76,Q2,2020-Q2,-42.7
801750.SI,计算机,2020,26908925332.47,3.61,Q4,,34.2
801750.SI,,2021,13867310357.59,1.9,Q2,2021-Q2,19.5
801750.SI,计算机,2021,48901425509.01,5.61,Q4,,81.7
801750.SI,,2022,14786345786.25,1.67,Q2,2022-Q2,6.6
801750.SI,计算机,2022,30887087316.66,3.12,Q4,,-36.8
801750.SI,,2023,18261081559.09,1.81,Q2,2023-Q2,23.5
801750.SI,计算机,2023,31604242652.87,2.85,Q4,,2.3
801750.SI,,2024,10426138784.14,0.88,Q2,2024-Q2,-42.9
801750.SI,计算机,2024,18572747083.33,1.55,Q4,,-41.2
801750.SI,,2025,13702478598.71,1.26,Q2,2025-Q2,31.4
801750.SI,计算机,2025,30352844452.89,2.67,Q4,,63.4
801750.SI,,2026,22183696774.61,1.96,Q2,2026-Q2,61.9
801770.SI,通信,2014,23340985939.67,7.22,Q4,,
801770.SI,,2015,11918117389.41,3.1,Q2,2015-Q2,
801770.SI,通信,2015,25259073032.36,6.84,Q4,,8.2
801770.SI,,2016,8429826949.14,3.16,Q2,2016-Q2,-29.3
801770.SI,通信,2016,11758767997.13,3.38,Q4,,-53.4
801770.SI,,2017,11918701046.85,3.22,Q2,2017-Q2,41.4
801770.SI,通信,2017,15183255067.21,3.1,Q4,,29.1
801770.SI,,2018,6133159999.95,0.61,Q2,2018-Q2,-48.5
801770.SI,通信,2018,11271897321.2,1.25,Q4,,-25.8
801770.SI,,2019,381165477.9,-0.71,Q2,2019-Q2,-93.8
801770.SI,通信,2019,-2269555670.27,-2.29,Q4,,-120.1
801770.SI,,2020,14578271753.25,2.33,Q2,2020-Q2,3724.7
801770.SI,通信,2020,24191774913.91,3.64,Q4,,-1165.9
801770.SI,,2021,14959979596.98,1.94,Q2,2021-Q2,2.6
801770.SI,通信,2021,42006100019.85,3.72,Q4,,73.6
801770.SI,,2022,113497175078.26,4.98,Q2,2022-Q2,658.7
801770.SI,通信,2022,191259607299.34,8.34,Q4,,355.3
801770.SI,,2023,124467562149.13,5.19,Q2,2023-Q2,9.7
801770.SI,通信,2023,205725261060.18,8.36,Q4,,7.6
801770.SI,,2024,135665522332.61,5.32,Q2,2024-Q2,9.0
801770.SI,通信,2024,219483660240.96,8.58,Q4,,6.7
801770.SI,,2025,146491798603.76,5.53,Q2,2025-Q2,8.0
801770.SI,通信,2025,238068452112.42,8.93,Q4,,8.5
801770.SI,,2026,153315078617.42,5.62,Q2,2026-Q2,4.7
801880.SI,汽车,2014,93456653247.84,13.54,Q4,,
801880.SI,,2015,50825275180.82,6.82,Q2,2015-Q2,
801880.SI,汽车,2015,104967288489.37,12.62,Q4,,12.3
801880.SI,,2016,60909133965.06,6.71,Q2,2016-Q2,19.8
801880.SI,汽车,2016,124558789475.3,12.29,Q4,,18.7
801880.SI,,2017,69229534419.31,6.11,Q2,2017-Q2,13.7
801880.SI,汽车,2017,138593914058.48,11.31,Q4,,11.3
801880.SI,,2018,75224430358.73,5.9,Q2,2018-Q2,8.7
801880.SI,汽车,2018,110754725067.62,8.22,Q4,,-20.1
801880.SI,,2019,30373261880.96,3.79,Q2,2019-Q2,-59.6
801880.SI,汽车,2019,84589345834.07,5.77,Q4,,-23.6
801880.SI,,2020,36526296150.21,2.7,Q2,2020-Q2,20.3
801880.SI,汽车,2020,85091731321.84,5.58,Q4,,0.6
801880.SI,,2021,71508298480.47,4.48,Q2,2021-Q2,95.8
801880.SI,汽车,2021,106426613904.06,6.17,Q4,,25.1
801880.SI,,2022,53600377611.79,3.26,Q2,2022-Q2,-25.0
801880.SI,汽车,2022,95766276334.74,5.39,Q4,,-10.0
801880.SI,,2023,67169793600.5,3.85,Q2,2023-Q2,25.3
801880.SI,汽车,2023,138692338761.54,7.57,Q4,,44.8
801880.SI,,2024,76127904002.58,4.44,Q2,2024-Q2,13.3
801880.SI,汽车,2024,153462952054.45,7.96,Q4,,10.6
801880.SI,,2025,83717407263.89,4.09,Q2,2025-Q2,10.0
801880.SI,汽车,2025,169169244239.13,7.67,Q4,,10.2
801880.SI,,2026,69567099759.92,3.09,Q2,2026-Q2,-16.9
801890.SI,机械设备,2014,40975014281.11,6.11,Q4,,
801890.SI,,2015,16642041564.3,2.36,Q2,2015-Q2,
801890.SI,机械设备,2015,32315256573.21,4.09,Q4,,-21.1
801890.SI,,2016,12813153174.56,1.69,Q2,2016-Q2,-23.0
801890.SI,机械设备,2016,38384694398.79,3.13,Q4,,18.8
801890.SI,,2017,33008188206.32,3.07,Q2,2017-Q2,157.6
801890.SI,机械设备,2017,75011693354.84,6.39,Q4,,95.4
801890.SI,,2018,38123756570.1,3.19,Q2,2018-Q2,15.5
801890.SI,机械设备,2018,41467869441.5,4.04,Q4,,-44.7
801890.SI,,2019,39383633484.27,3.78,Q2,2019-Q2,3.3
801890.SI,机械设备,2019,47999881483.83,4.42,Q4,,15.8
801890.SI,,2020,28946519438.89,4.1,Q2,2020-Q2,-26.5
801890.SI,机械设备,2020,91978338736.83,7.89,Q4,,91.6
801890.SI,,2021,67926113060.82,5.46,Q2,2021-Q2,134.7
801890.SI,机械设备,2021,100857704283.57,7.83,Q4,,9.7
801890.SI,,2022,53349204262.33,3.94,Q2,2022-Q2,-21.5
801890.SI,机械设备,2022,99636275025.04,6.9,Q4,,-1.2
801890.SI,,2023,57340464960.45,3.86,Q2,2023-Q2,7.5
801890.SI,机械设备,2023,120618306747.54,6.58,Q4,,21.1
801890.SI,,2024,66019555268.31,3.56,Q2,2024-Q2,15.1
801890.SI,机械设备,2024,114348540699.03,5.94,Q4,,-5.2
801890.SI,,2025,80676819931.85,4.12,Q2,2025-Q2,22.2
801890.SI,机械设备,2025,131455480423.09,6.43,Q4,,15.0
801890.SI,,2026,82358896051.37,3.97,Q2,2026-Q2,2.1
