date,event,type,strength
2016-02-29,央行降准0.5pct(3月1日实施),降准,强
2018-01-25,普惠金融定向降准0.5-1pct,降准,强
2018-04-25,定向降准1pct置换MLF,降准,强
2018-07-05,定向降准0.5pct支持债转股,降准,强
2018-10-15,定向降准1pct置换MLF,降准,强
2019-01-15,全面降准0.5pct(第一步),降准,强
2019-01-25,全面降准0.5pct(第二步)+普惠定向,降准,强
2019-09-16,全面降准0.5pct+定向降准,降准,强
2020-01-06,全面降准0.5pct,降准,强
2020-03-16,普惠金融定向降准0.5-1pct,降准,强
2020-04-15,定向中小银行降准1pct(第一步),降准,强
2020-05-15,定向中小银行降准1pct(第二步),降准,强
2021-07-15,全面降准0.5pct,降准,强
2021-12-15,定向降准0.5pct,降准,强
2022-04-25,定向降准0.25pct,降准,中
2022-12-05,定向降准0.25pct,降准,中
2023-03-27,全面降准0.25pct,降准,中
2023-09-15,全面降准0.25pct,降准,中
2024-02-05,全面降准0.5pct(1月24日宣布),降准,强
2024-09-27,全面降准0.5pct(9月24日宣布),降准,强
2025-05-15,全面降准0.5pct(5月7日宣布),降准,强
2019-09-20,LPR 1y降5bp(4.25),降息,中
2019-11-20,LPR 1y降5bp(4.15),降息,中
2020-02-20,LPR 1y降10bp(4.05) 5y降5bp,降息,强
2020-04-20,LPR 1y降20bp(3.85) 5y降10bp,降息,强
2022-01-20,LPR 1y降10bp 5y降5bp,降息,中
2022-05-20,LPR 5y降15bp(房贷利率锚),降息,中
2022-08-22,LPR 1y降5bp 5y降15bp,降息,中
2023-06-20,LPR 1y/5y各降10bp,降息,中
2023-08-21,LPR 1y降10bp(3.45),降息,中
2024-02-20,LPR 5y降25bp(3.95 历史最大),降息,强
2024-07-22,LPR 1y/5y各降10bp,降息,中
2024-10-21,LPR 1y/5y各降25bp(9月24日宣布一揽子),降息,强
2025-05-20,LPR 1y/5y各降10bp(3.0/3.5),降息,中
2018-10-19,刘鹤+一行两会负责人喊话股市 政策底信号,证监会,强
2019-01-30,易会满上任证监会主席+科创板规则落地,证监会,中
2019-07-22,科创板开板(注册制试点),证监会,中
2023-08-27,印花税减半+IPO阶段性收紧+规范减持,证监会,强
2024-02-07,吴清上任证监会主席(市场底部换帅),证监会,强
2024-04-12,新"国九条"发布,证监会,强
2024-09-24,央行互换便利SFISF+回购增持再贷款 一揽子金融政策,证监会,强
