date,event,action,type
2013-06-20,汇金增持光大银行/新华保险等 蓝筹ETF护盘,买入,国家队
2015-07-06,证金公司直接入市 21家券商1280亿救市 汇金增持ETF,买入,国家队
2015-08-24,汇金二轮增持+养老金获批入市,买入,国家队
2016-03-11,证金恢复转融券业务但继续维稳持股,持有,国家队
2017-05-01,证金公司开始逐步减持救市筹码(缓慢退出期开始),卖出,国家队
2018-10-19,多地国资纾困基金入市(地方国家队),买入,国家队
2019-2022,国家队整体持有期 未见明确增减持公告,持有,国家队
2023-10-11,汇金公告增持工农中建四大行 拟继续增持,买入,国家队
2023-10-23,汇金公告买入ETF 并将继续增持,买入,国家队
2024-02-06,汇金公告扩大ETF增持范围 加大力度,买入,国家队
2024-04-01,汇金持续增持宽基ETF(300ETF/50ETF份额激增可验证),买入,国家队
2024-10-01,汇金三季度大举增持ETF+互换便利操作启动,买入,国家队
2025-04-01,汇金等中长期资金持续入市 平准功能确认,买入,国家队
